group_axis,group,method,metric,n_cases,n,mean,std,median,q25,q75
all,all,epoch29,wrel_l2,300,300,0.7570672328057693,0.267185507014712,0.7725225815630352,0.5574897739258685,0.9234579695686005
all,all,epoch29,mass_ratio,300,300,1.3367302508135923,1.085355923725349,1.0244159038281482,0.730995886551072,1.5404997891418928
all,all,epoch29,mass_relative_error,300,300,0.6504865207749169,0.9318004235182735,0.391668826514875,0.18143300790938965,0.6604417953232321
all,all,epoch29,weighted_ccc,300,300,0.5952643566503323,0.24870185865215275,0.6118907154050622,0.3766903665815872,0.822645051524757
all,all,epoch29,com_error_mm,300,300,3.422189333118195,3.0294165167844804,2.23051426934323,1.2432420587487014,4.7191121669239555
all,all,epoch29,shape_error,300,300,0.6847206315463522,0.2215538653873682,0.719519084043351,0.5125078604177147,0.8813120830372714
all,all,epoch29,shape_optimal_scale,300,300,0.9630179802373174,0.6206972117760755,0.9134860700985776,0.6404184457943821,1.1618331148810888
all,all,epoch29,source_composition_error,300,219,0.27648716609190505,0.19343183538483383,0.23667945440230342,0.10850038751106501,0.4198588929890605
all,all,epoch29,weak_source_mass_ratio,300,219,1.8202296679745529,4.325197582619605,0.9057449988878303,0.22817216442000193,1.8341148785883332
all,all,epoch29,weak_source_error,300,219,1.491795731836986,4.141817998342885,0.780767676093274,0.3786563015193331,0.9428078627017018
all,all,epoch29,weak_source_fraction_error,300,219,0.2137782135664356,0.18463601668996907,0.15341413409639929,0.06197485168468718,0.3194732648740871
all,all,epoch30,wrel_l2,300,300,0.7446841750914692,0.20368693381522393,0.7629171693257477,0.5851928736253226,0.8997194319023923
all,all,epoch30,mass_ratio,300,300,0.6251996877268536,0.48128490235676286,0.5092285449351927,0.33561632485917214,0.7405197686082494
all,all,epoch30,mass_relative_error,300,300,0.5300949017503072,0.3018440432656227,0.5188720393762973,0.31972007753794374,0.6979297333228011
all,all,epoch30,weighted_ccc,300,300,0.5319946331904879,0.25601311278863126,0.5333028546405609,0.3148287795995555,0.7692885948811455
all,all,epoch30,com_error_mm,300,300,3.9566900099648943,4.318260026118203,2.164311688273192,0.6220125691599465,5.891407784986928
all,all,epoch30,shape_error,300,300,0.6793179535266872,0.2150982579793896,0.7046989845939166,0.4992273370952578,0.8741961678646761
all,all,epoch30,shape_optimal_scale,300,300,1.470506794316564,1.1226801646231546,1.2647565242413745,0.9542781671796634,1.6296169030211627
all,all,epoch30,source_composition_error,300,219,0.35997948345594527,0.24980512861864676,0.3226440861558321,0.1426636709801495,0.5481616887177692
all,all,epoch30,weak_source_mass_ratio,300,219,0.8198744188666496,1.977813107096112,0.32093029019648267,0.004088124320710468,0.895309677515044
all,all,epoch30,weak_source_error,300,219,0.9550713348598576,1.7412721375215345,0.9047974017897741,0.39362505069734605,0.9986102187389841
all,all,epoch30,weak_source_fraction_error,300,219,0.2860104314676089,0.24286284086408189,0.2052484902111337,0.08462851240405661,0.4335235274424277
all,all,p1_oracle,wrel_l2,300,300,0.0,0.0,0.0,0.0,0.0
all,all,p1_oracle,mass_ratio,300,300,1.0,0.0,1.0,1.0,1.0
all,all,p1_oracle,mass_relative_error,300,300,0.0,0.0,0.0,0.0,0.0
all,all,p1_oracle,weighted_ccc,300,300,1.0,0.0,1.0,1.0,1.0
all,all,p1_oracle,com_error_mm,300,300,0.0,0.0,0.0,0.0,0.0
all,all,p1_oracle,shape_error,300,300,0.0,0.0,0.0,0.0,0.0
all,all,p1_oracle,shape_optimal_scale,300,300,1.0,0.0,1.0,1.0,1.0
all,all,p1_oracle,source_composition_error,300,219,0.018890307374735505,0.028985734521822123,0.0071899960441145355,0.0021855626690071572,0.025408241227932955
all,all,p1_oracle,weak_source_mass_ratio,300,219,0.971843726554894,0.16960282601026097,0.9979538403880417,0.9770119501799124,1.0184533277016619
all,all,p1_oracle,weak_source_error,300,219,0.0701760671628865,0.1569497178160333,0.021460721722954323,0.0066725217608576415,0.056895276735281275
all,all,p1_oracle,weak_source_fraction_error,300,219,0.015353950497017214,0.02711622061103295,0.005218746505253363,0.0013083173861855174,0.01806305295593133
num_sources,1,epoch29,wrel_l2,81,81,0.6653817339310428,0.2773504612934201,0.6632459614830335,0.41728351928412116,0.8800258960288403
num_sources,1,epoch29,mass_ratio,81,81,1.664898527474751,1.2062527826204892,1.3485800605844773,0.8856804731459319,1.9158387087050297
num_sources,1,epoch29,mass_relative_error,81,81,0.8293776666405094,1.0996674558682316,0.4423447281193181,0.1882487232879282,0.9158387087050297
num_sources,1,epoch29,weighted_ccc,81,81,0.6705521651385897,0.25860767742520924,0.7685424598181438,0.46963493915790644,0.895461826703702
num_sources,1,epoch29,com_error_mm,81,81,1.7806473158632974,1.0173476073557655,1.6083069004163597,1.0788165305702695,2.149580468040651
num_sources,1,epoch29,shape_error,81,81,0.5802446119647094,0.25629077451745147,0.5652541908664661,0.3332671940143207,0.8303590449730469
num_sources,1,epoch29,shape_optimal_scale,81,81,1.1252969559456267,0.9762884686432184,1.0217395113256598,0.719152201740903,1.3240305301992272
num_sources,1,epoch29,source_composition_error,81,0,nan,nan,nan,nan,nan
num_sources,1,epoch29,weak_source_mass_ratio,81,0,nan,nan,nan,nan,nan
num_sources,1,epoch29,weak_source_error,81,0,nan,nan,nan,nan,nan
num_sources,1,epoch29,weak_source_fraction_error,81,0,nan,nan,nan,nan,nan
num_sources,1,epoch30,wrel_l2,81,81,0.6597169371331597,0.21683059677791425,0.6390430807206665,0.49221046362492715,0.8493635728511482
num_sources,1,epoch30,mass_ratio,81,81,0.7890824991375848,0.5515893922279492,0.6191659804996658,0.4463803121880372,0.983735246888318
num_sources,1,epoch30,mass_relative_error,81,81,0.48986308764501746,0.32980479855716943,0.48610533213491025,0.2661640187431061,0.6365829347101046
num_sources,1,epoch30,weighted_ccc,81,81,0.6065849036781495,0.2786384777234183,0.6677774316611323,0.35756265305383583,0.8479871409903664
num_sources,1,epoch30,com_error_mm,81,81,0.5225681148953336,0.4391627221766505,0.3985832394190998,0.2654974731037041,0.5999802506989587
num_sources,1,epoch30,shape_error,81,81,0.5624731595216989,0.24463983067343012,0.5149601478727872,0.34076565308408235,0.8061052562746004
num_sources,1,epoch30,shape_optimal_scale,81,81,1.8015715765037073,1.5541072981170452,1.4275865207465104,1.0845644077293095,2.008276314547095
num_sources,1,epoch30,source_composition_error,81,0,nan,nan,nan,nan,nan
num_sources,1,epoch30,weak_source_mass_ratio,81,0,nan,nan,nan,nan,nan
num_sources,1,epoch30,weak_source_error,81,0,nan,nan,nan,nan,nan
num_sources,1,epoch30,weak_source_fraction_error,81,0,nan,nan,nan,nan,nan
num_sources,1,p1_oracle,wrel_l2,81,81,0.0,0.0,0.0,0.0,0.0
num_sources,1,p1_oracle,mass_ratio,81,81,1.0,0.0,1.0,1.0,1.0
num_sources,1,p1_oracle,mass_relative_error,81,81,0.0,0.0,0.0,0.0,0.0
num_sources,1,p1_oracle,weighted_ccc,81,81,1.0,0.0,1.0,1.0,1.0
num_sources,1,p1_oracle,com_error_mm,81,81,0.0,0.0,0.0,0.0,0.0
num_sources,1,p1_oracle,shape_error,81,81,0.0,0.0,0.0,0.0,0.0
num_sources,1,p1_oracle,shape_optimal_scale,81,81,1.0,0.0,1.0,1.0,1.0
num_sources,1,p1_oracle,source_composition_error,81,0,nan,nan,nan,nan,nan
num_sources,1,p1_oracle,weak_source_mass_ratio,81,0,nan,nan,nan,nan,nan
num_sources,1,p1_oracle,weak_source_error,81,0,nan,nan,nan,nan,nan
num_sources,1,p1_oracle,weak_source_fraction_error,81,0,nan,nan,nan,nan,nan
num_sources,2,epoch29,wrel_l2,109,109,0.7921680362476573,0.29274794291508677,0.7690198585865691,0.5788869947071748,0.95721330608744
num_sources,2,epoch29,mass_ratio,109,109,1.3721614556063946,1.242198906128344,0.9994388494091266,0.6835556774533817,1.582857772827623
num_sources,2,epoch29,mass_relative_error,109,109,0.7017025102886055,1.090493401392321,0.387269523039928,0.1900556388618516,0.6777435093624243
num_sources,2,epoch29,weighted_ccc,109,109,0.5819735094995123,0.24293954859213593,0.5843585472842241,0.4032950219009705,0.806819425830422
num_sources,2,epoch29,com_error_mm,109,109,3.7146376208105907,3.3109433190363364,2.3548724670262766,1.2503403834723887,5.260641226623256
num_sources,2,epoch29,shape_error,109,109,0.7015965801465319,0.20233337065561227,0.715699858629244,0.525881374299097,0.8887209166103968
num_sources,2,epoch29,shape_optimal_scale,109,109,0.9210182198770941,0.4537147901203348,0.9073691404726105,0.6248368817652787,1.1454779935960755
num_sources,2,epoch29,source_composition_error,109,109,0.22630220569790008,0.18585416465860483,0.16879096450934028,0.0662234533729935,0.3519207763574326
num_sources,2,epoch29,weak_source_mass_ratio,109,109,1.6188257383757387,2.463882724953234,0.8205871150529097,0.2374453475894748,1.862775557417538
num_sources,2,epoch29,weak_source_error,109,109,1.3151802091741505,2.1734682869082507,0.776088645919608,0.44572663038509064,0.9444745893311837
num_sources,2,epoch29,weak_source_fraction_error,109,109,0.22630220569790008,0.18585416465860483,0.16879096450934028,0.06622345337299351,0.3519207763574325
num_sources,2,epoch30,wrel_l2,109,109,0.7707675418075395,0.21158320607190398,0.7638487220794485,0.6156388510321784,0.9215643830990973
num_sources,2,epoch30,mass_ratio,109,109,0.6308755555167835,0.5414254102428856,0.5243485695660377,0.326705096053926,0.6810672840488318
num_sources,2,epoch30,mass_relative_error,109,109,0.566476150239061,0.32939201809098684,0.5245198847313167,0.37089509676174176,0.7235601198774542
num_sources,2,epoch30,weighted_ccc,109,109,0.5212670836050944,0.2460419662067736,0.5292538696285023,0.33374300652176614,0.7440614022776915
num_sources,2,epoch30,com_error_mm,109,109,4.855457643920926,4.552042588184361,3.5740941532654276,1.2070909127237173,6.932625232457187
num_sources,2,epoch30,shape_error,109,109,0.6968811872938484,0.19474144843160923,0.6865775061967212,0.5422267342339869,0.8862211215643422
num_sources,2,epoch30,shape_optimal_scale,109,109,1.4141604864367143,1.080216911796918,1.2586608151066414,0.8962402173892737,1.5798958773887803
num_sources,2,epoch30,source_composition_error,109,109,0.31403785720656585,0.2525654587771515,0.2501357183988615,0.09750294463457339,0.46823442423926487
num_sources,2,epoch30,weak_source_mass_ratio,109,109,0.727845794090696,1.2582547430459619,0.2563862660417987,0.0040412729213178435,0.818354640326919
num_sources,2,epoch30,weak_source_error,109,109,0.914379645373708,0.9061913563470108,0.9806400292640292,0.47401445399192,0.9986438888264538
num_sources,2,epoch30,weak_source_fraction_error,109,109,0.31403785720656585,0.2525654587771515,0.25013571839886156,0.09750294463457335,0.4682344242392648
num_sources,2,p1_oracle,wrel_l2,109,109,0.0,0.0,0.0,0.0,0.0
num_sources,2,p1_oracle,mass_ratio,109,109,1.0,0.0,1.0,1.0,1.0
num_sources,2,p1_oracle,mass_relative_error,109,109,0.0,0.0,0.0,0.0,0.0
num_sources,2,p1_oracle,weighted_ccc,109,109,1.0,0.0,1.0,1.0,1.0
num_sources,2,p1_oracle,com_error_mm,109,109,0.0,0.0,0.0,0.0,0.0
num_sources,2,p1_oracle,shape_error,109,109,0.0,0.0,0.0,0.0,0.0
num_sources,2,p1_oracle,shape_optimal_scale,109,109,1.0,0.0,1.0,1.0,1.0
num_sources,2,p1_oracle,source_composition_error,109,109,0.017124718885916237,0.031908976079530804,0.004991990599303164,0.001485731778193583,0.018270691735600614
num_sources,2,p1_oracle,weak_source_mass_ratio,109,109,0.9766075253174774,0.15415694531909413,0.9962449157185983,0.9775794167444309,1.0088586391143846
num_sources,2,p1_oracle,weak_source_error,109,109,0.06347930560456078,0.14241470928892636,0.01765430960803227,0.005396759555351016,0.05112151012632382
num_sources,2,p1_oracle,weak_source_fraction_error,109,109,0.01712471888591624,0.031908976079530804,0.004991990599303109,0.0014857317781936108,0.01827069173560064
num_sources,3,epoch29,wrel_l2,110,110,0.7897993949301969,0.21129775748622004,0.8235949845358236,0.6035723434968906,0.9252608450908713
num_sources,3,epoch29,mass_ratio,110,110,1.0599699623411447,0.6746145679721943,0.924999243046043,0.5829369135080874,1.2755748181867943
num_sources,3,epoch29,mass_relative_error,110,110,0.46800719648305245,0.48956151374835655,0.36581155017631095,0.16485397574873245,0.5782944959744667
num_sources,3,epoch29,weighted_ccc,110,110,0.5529951734857005,0.23414476136008466,0.5291767657665876,0.3540619427842545,0.7903620195497867
num_sources,3,epoch29,com_error_mm,110,110,4.341171515292518,3.2389547227122844,3.3441705016376546,1.6362592731610106,6.349983544658503
num_sources,3,epoch29,shape_error,110,110,0.7449304423526564,0.18163581663262943,0.8015292181306997,0.5812411185913376,0.8925859859954124
num_sources,3,epoch29,shape_optimal_scale,110,110,0.8851395879363295,0.3430384295483072,0.8485936116047574,0.6470900167256032,1.1280298347298223
num_sources,3,epoch29,source_composition_error,110,110,0.3262158995732372,0.1878703533926695,0.3082405819962609,0.1746510237854775,0.4578652363361435
num_sources,3,epoch29,weak_source_mass_ratio,110,110,2.019802652758833,5.581133190289103,1.0795496703698348,0.22034898726258326,1.7912140237339045
num_sources,3,epoch29,weak_source_error,110,110,1.6668056588392512,5.42317287517022,0.7844779449004063,0.3260201541772208,0.9396402219917659
num_sources,3,epoch29,weak_source_fraction_error,110,110,0.20136807590889355,0.18257550122999536,0.14815491625288307,0.05641550721225318,0.3050494520723686
num_sources,3,epoch30,wrel_l2,110,110,0.7814047142057547,0.16379994945499182,0.8305661806459683,0.6422808485435602,0.9020691682036699
num_sources,3,epoch30,mass_ratio,110,110,0.49889807578711165,0.28540403771935124,0.4546291393328313,0.2859243930727394,0.6833669472643059
num_sources,3,epoch30,mass_relative_error,110,110,0.5236696368162553,0.24151338404547998,0.5574626117498052,0.3247916225124107,0.727035188247478
num_sources,3,epoch30,weighted_ccc,110,110,0.4876990967841908,0.23542019257720193,0.4729962043259255,0.28480847877342924,0.7231513616966695
num_sources,3,epoch30,com_error_mm,110,110,5.594855477232413,4.244245759976807,4.096626995999902,2.210069610543809,8.145075842499766
num_sources,3,epoch30,shape_error,110,110,0.747954642924719,0.17164961577604623,0.7833991343267555,0.6026850438510298,0.8961103381022579
num_sources,3,epoch30,shape_optimal_scale,110,110,1.2825567961506092,0.6193074553091178,1.1367589619704748,0.9484528302183628,1.5591108528663022
num_sources,3,epoch30,source_composition_error,110,110,0.405503458557603,0.2384630417592116,0.36252646570359437,0.20195726882242931,0.604768583142069
num_sources,3,epoch30,weak_source_mass_ratio,110,110,0.9110664197810036,2.4904633257125437,0.4689600605770331,0.004689733604244577,0.9127548925352333
num_sources,3,epoch30,weak_source_error,110,110,0.9953930998961331,2.2846245501370497,0.7337395048628799,0.31084943778381074,0.9985626127716003
num_sources,3,epoch30,weak_source_fraction_error,110,110,0.2582378005080971,0.22949813322697946,0.18081190626703375,0.07812817779697281,0.3743271748550838
num_sources,3,p1_oracle,wrel_l2,110,110,0.0,0.0,0.0,0.0,0.0
num_sources,3,p1_oracle,mass_ratio,110,110,1.0,0.0,1.0,1.0,1.0
num_sources,3,p1_oracle,mass_relative_error,110,110,0.0,0.0,0.0,0.0,0.0
num_sources,3,p1_oracle,weighted_ccc,110,110,1.0,0.0,1.0,1.0,1.0
num_sources,3,p1_oracle,com_error_mm,110,110,0.0,0.0,0.0,0.0,0.0
num_sources,3,p1_oracle,shape_error,110,110,0.0,0.0,0.0,0.0,0.0
num_sources,3,p1_oracle,shape_optimal_scale,110,110,1.0,0.0,1.0,1.0,1.0
num_sources,3,p1_oracle,source_composition_error,110,110,0.02063984505911096,0.025644322639726155,0.010728207987120453,0.003122755314262378,0.02890692509233448
num_sources,3,p1_oracle,weak_source_mass_ratio,110,110,0.9671232350537885,0.18350924083641676,0.998521286096266,0.9768036798134031,1.0226742045150956
num_sources,3,p1_oracle,weak_source_error,110,110,0.07681194907068199,0.16987185648496755,0.022900512350742863,0.007484385520930725,0.06440280343274915
num_sources,3,p1_oracle,weak_source_fraction_error,110,110,0.01359928000256272,0.021184472143613176,0.005500859553015436,0.0010632157065253185,0.01750837983616843
strength_ratio,multi_>=2,epoch29,wrel_l2,37,37,0.8402537961313254,0.27825024465818543,0.8100349231131635,0.6404076966990735,0.9699906673386794
strength_ratio,multi_>=2,epoch29,mass_ratio,37,37,1.7112870339118154,1.7073221843303303,1.1814897036061334,0.780668820004146,2.073420822816355
strength_ratio,multi_>=2,epoch29,mass_relative_error,37,37,1.0089110320574688,1.550153803695069,0.5157621609550896,0.19342983951936715,1.073420822816355
strength_ratio,multi_>=2,epoch29,weighted_ccc,37,37,0.5782788511358097,0.21235720641714181,0.562246571750753,0.4455309927537208,0.7910473007535447
strength_ratio,multi_>=2,epoch29,com_error_mm,37,37,3.633181859830311,3.043730573588681,2.5973009040028194,1.120123118845558,5.41302091889245
strength_ratio,multi_>=2,epoch29,shape_error,37,37,0.7247374038333784,0.18204533128441627,0.7696942025399912,0.592287715552876,0.8825829861652776
strength_ratio,multi_>=2,epoch29,shape_optimal_scale,37,37,0.8478716331592641,0.46910436809378137,0.7402197129032612,0.5411918924556701,1.1001023454659509
strength_ratio,multi_>=2,epoch29,source_composition_error,37,37,0.2614500085865948,0.1964532327635696,0.20546023655883805,0.095555072274393,0.40662700023307097
strength_ratio,multi_>=2,epoch29,weak_source_mass_ratio,37,37,2.4620328839064327,4.797288264057615,0.9427143815664428,0.22866341328182704,2.3684998461688846
strength_ratio,multi_>=2,epoch29,weak_source_error,37,37,2.131212156938578,4.539763163889268,0.803956883711477,0.5083531587315075,1.3684998461688846
strength_ratio,multi_>=2,epoch29,weak_source_fraction_error,37,37,0.15020320768688195,0.1462061707872199,0.09555507227439297,0.059690514798646635,0.17149065494558485
strength_ratio,multi_>=2,epoch30,wrel_l2,37,37,0.7788586202991059,0.17965849297407535,0.8285746779874532,0.6072827895388466,0.9021344245263689
strength_ratio,multi_>=2,epoch30,mass_ratio,37,37,0.7516683373399948,0.6837851432342776,0.5630362484359908,0.3618266785304739,0.948845199595789
strength_ratio,multi_>=2,epoch30,mass_relative_error,37,37,0.5535836735705477,0.4719913697765473,0.4999562038344205,0.22708232375359927,0.7174027062083091
strength_ratio,multi_>=2,epoch30,weighted_ccc,37,37,0.5303595709899287,0.22481078236173016,0.5042528906670128,0.3379379503030494,0.7397540894734048
strength_ratio,multi_>=2,epoch30,com_error_mm,37,37,4.667598757570028,3.765575539418873,3.19185745605787,1.7290803309751483,7.296072564160733
strength_ratio,multi_>=2,epoch30,shape_error,37,37,0.71622513429194,0.1715456103244496,0.6946135253225906,0.5872273534999064,0.8827788035461804
strength_ratio,multi_>=2,epoch30,shape_optimal_scale,37,37,1.3971814833118543,1.4538966336541554,1.1296653142732491,0.8757348640515844,1.2696543418614077
strength_ratio,multi_>=2,epoch30,source_composition_error,37,37,0.33465180164693786,0.24922785606800296,0.30487333209464496,0.11644156797132124,0.5100796349785556
strength_ratio,multi_>=2,epoch30,weak_source_mass_ratio,37,37,1.0686037062514429,2.3820390926411057,0.07522783757720673,0.0028290155898988987,0.9405917709271726
strength_ratio,multi_>=2,epoch30,weak_source_error,37,37,1.2515786613442592,2.027897325273054,0.9951120314146017,0.44274298792514377,0.9994315164312563
strength_ratio,multi_>=2,epoch30,weak_source_fraction_error,37,37,0.1980002973683493,0.18059078133077672,0.13427870834824207,0.0970384515503392,0.21055330464271688
strength_ratio,multi_>=2,p1_oracle,wrel_l2,37,37,0.0,0.0,0.0,0.0,0.0
strength_ratio,multi_>=2,p1_oracle,mass_ratio,37,37,1.0,0.0,1.0,1.0,1.0
strength_ratio,multi_>=2,p1_oracle,mass_relative_error,37,37,0.0,0.0,0.0,0.0,0.0
strength_ratio,multi_>=2,p1_oracle,weighted_ccc,37,37,1.0,0.0,1.0,1.0,1.0
strength_ratio,multi_>=2,p1_oracle,com_error_mm,37,37,0.0,0.0,0.0,0.0,0.0
strength_ratio,multi_>=2,p1_oracle,shape_error,37,37,0.0,0.0,0.0,0.0,0.0
strength_ratio,multi_>=2,p1_oracle,shape_optimal_scale,37,37,1.0,0.0,1.0,1.0,1.0
strength_ratio,multi_>=2,p1_oracle,source_composition_error,37,37,0.020239383736234816,0.02331831392928404,0.009001116801722941,0.005191054553717985,0.025806059335188772
strength_ratio,multi_>=2,p1_oracle,weak_source_mass_ratio,37,37,0.8827453259690445,0.27910913687438205,0.9743179076451474,0.9528046349699731,0.9901637072230934
strength_ratio,multi_>=2,p1_oracle,weak_source_error,37,37,0.13861841850586698,0.2691384456368143,0.02882598680291304,0.021460721722954323,0.061780155360514954
strength_ratio,multi_>=2,p1_oracle,weak_source_fraction_error,37,37,0.01814802291944847,0.023772883994716637,0.007602260742407219,0.003598431060620938,0.01899734521679808
strength_ratio,"multi_[1,1.25)",epoch29,wrel_l2,64,64,0.7801638083764675,0.2783041686927977,0.7757512360893284,0.6165967502110354,0.8866152934719349
strength_ratio,"multi_[1,1.25)",epoch29,mass_ratio,64,64,1.041660907900904,0.8237796262570519,0.7966011393004923,0.5673758803602601,1.1651123834184318
strength_ratio,"multi_[1,1.25)",epoch29,mass_relative_error,64,64,0.5286005297407457,0.6331903219736849,0.37520350196251306,0.20820492363226056,0.5310154463386523
strength_ratio,"multi_[1,1.25)",epoch29,weighted_ccc,64,64,0.5666200933646914,0.22320618103438145,0.574592630580915,0.3962550523179655,0.7438229293616956
strength_ratio,"multi_[1,1.25)",epoch29,com_error_mm,64,64,4.014831499256452,3.034608983193135,3.1204493236877235,1.6036034244553936,5.7181360258124245
strength_ratio,"multi_[1,1.25)",epoch29,shape_error,64,64,0.7105732168545087,0.18572910939195067,0.7585262772803965,0.590242778593975,0.8669889205766319
strength_ratio,"multi_[1,1.25)",epoch29,shape_optimal_scale,64,64,1.0294974055517603,0.36443098517279815,1.088968273657676,0.8571881242717518,1.1993109652890475
strength_ratio,"multi_[1,1.25)",epoch29,source_composition_error,64,64,0.27166395461325177,0.18275979353138944,0.26085018624443534,0.09179734950685356,0.42289910797860236
strength_ratio,"multi_[1,1.25)",epoch29,weak_source_mass_ratio,64,64,1.167757492684985,2.2322411621673073,0.6746317245291737,0.17335215083946623,1.1484026901098403
strength_ratio,"multi_[1,1.25)",epoch29,weak_source_error,64,64,0.9872997797422767,2.0090501057332686,0.69417384584582,0.23930840805783024,0.9183363147221915
strength_ratio,"multi_[1,1.25)",epoch29,weak_source_fraction_error,64,64,0.23542413252559102,0.1791332671301575,0.1932757418810715,0.06886279890797167,0.3914209916525402
strength_ratio,"multi_[1,1.25)",epoch30,wrel_l2,64,64,0.7840327302426633,0.20659588837047207,0.7788423165408714,0.6846254604731372,0.8961226712165383
strength_ratio,"multi_[1,1.25)",epoch30,mass_ratio,64,64,0.48981573750699064,0.41046837764145,0.37373712122228575,0.24875195988989077,0.5815330285484588
strength_ratio,"multi_[1,1.25)",epoch30,mass_relative_error,64,64,0.6149533545079219,0.22495475660362024,0.6550339881510818,0.4525009805127931,0.7856485396382125
strength_ratio,"multi_[1,1.25)",epoch30,weighted_ccc,64,64,0.49446106658228756,0.22505215127842185,0.49684877777378234,0.3216833108304869,0.6504809776014516
strength_ratio,"multi_[1,1.25)",epoch30,com_error_mm,64,64,4.906095006800434,4.187386993374822,3.6738305984631667,1.2198166726370907,7.1823569992212875
strength_ratio,"multi_[1,1.25)",epoch30,shape_error,64,64,0.7075052325620699,0.17499793586797782,0.7287332440113434,0.5896093561167801,0.8430795619180651
strength_ratio,"multi_[1,1.25)",epoch30,shape_optimal_scale,64,64,1.516677935542616,0.6726665948970807,1.4052995398306825,1.1639557080386864,1.7256254064896988
strength_ratio,"multi_[1,1.25)",epoch30,source_composition_error,64,64,0.3518876060942263,0.24091050795146957,0.32768193123501754,0.1449502268993933,0.5381325601168517
strength_ratio,"multi_[1,1.25)",epoch30,weak_source_mass_ratio,64,64,0.5131419099705753,0.9141764866000652,0.2581375565073372,0.0013924184588596591,0.6377523043977849
strength_ratio,"multi_[1,1.25)",epoch30,weak_source_error,64,64,0.8100917603416178,0.6453687227516977,0.8460627520471681,0.47362518817570115,0.9988069866435139
strength_ratio,"multi_[1,1.25)",epoch30,weak_source_fraction_error,64,64,0.31154629930415145,0.2401925228221388,0.255901568620725,0.08498571489913592,0.4819244413074818
strength_ratio,"multi_[1,1.25)",p1_oracle,wrel_l2,64,64,0.0,0.0,0.0,0.0,0.0
strength_ratio,"multi_[1,1.25)",p1_oracle,mass_ratio,64,64,1.0,0.0,1.0,1.0,1.0
strength_ratio,"multi_[1,1.25)",p1_oracle,mass_relative_error,64,64,0.0,0.0,0.0,0.0,0.0
strength_ratio,"multi_[1,1.25)",p1_oracle,weighted_ccc,64,64,1.0,0.0,1.0,1.0,1.0
strength_ratio,"multi_[1,1.25)",p1_oracle,com_error_mm,64,64,0.0,0.0,0.0,0.0,0.0
strength_ratio,"multi_[1,1.25)",p1_oracle,shape_error,64,64,0.0,0.0,0.0,0.0,0.0
strength_ratio,"multi_[1,1.25)",p1_oracle,shape_optimal_scale,64,64,1.0,0.0,1.0,1.0,1.0
strength_ratio,"multi_[1,1.25)",p1_oracle,source_composition_error,64,64,0.01973186076285928,0.036440931572428455,0.005506350055141572,0.0012774737956774505,0.028989950116181513
strength_ratio,"multi_[1,1.25)",p1_oracle,weak_source_mass_ratio,64,64,0.9785871200534848,0.17102919932352267,1.0001452688072867,0.9833323510205947,1.0151528976119053
strength_ratio,"multi_[1,1.25)",p1_oracle,weak_source_error,64,64,0.06833606336068507,0.1582393152576614,0.01699653585561428,0.0024390369752152474,0.05645894757159489
strength_ratio,"multi_[1,1.25)",p1_oracle,weak_source_fraction_error,64,64,0.01729871725981376,0.03573314563048393,0.004629349569861982,0.0011483789995615432,0.024394799993979942
strength_ratio,"multi_[1.25,1.5)",epoch29,wrel_l2,54,54,0.7341739033813658,0.232822728024528,0.6796510742289714,0.5533933114704959,0.9242868331694005
strength_ratio,"multi_[1.25,1.5)",epoch29,mass_ratio,54,54,1.0842957436629186,0.6133793156579637,0.9217270945592297,0.7373566225754338,1.3298333769597868
strength_ratio,"multi_[1.25,1.5)",epoch29,mass_relative_error,54,54,0.44123254707187776,0.4343429482346633,0.3060836886446558,0.13268248552731474,0.5957075617849046
strength_ratio,"multi_[1.25,1.5)",epoch29,weighted_ccc,54,54,0.6081345937722274,0.2593076051098742,0.7398515417684156,0.3576593004644445,0.829329091395334
strength_ratio,"multi_[1.25,1.5)",epoch29,com_error_mm,54,54,3.9812895286723124,3.361909530696106,2.7054862368814505,1.4212075682865561,5.980273610369364
strength_ratio,"multi_[1.25,1.5)",epoch29,shape_error,54,54,0.6872510697825143,0.212310621038989,0.6471705094260005,0.5256099999643774,0.9114936822237633
strength_ratio,"multi_[1.25,1.5)",epoch29,shape_optimal_scale,54,54,0.9058794535788899,0.3544116403096402,0.8653870061049789,0.686589944850339,1.10664471141984
strength_ratio,"multi_[1.25,1.5)",epoch29,source_composition_error,54,54,0.26065534291140585,0.1877955729814636,0.23474138257654809,0.08644707015941713,0.3917317687080024
strength_ratio,"multi_[1.25,1.5)",epoch29,weak_source_mass_ratio,54,54,1.0969555467468897,1.14206882022245,0.8320442653424791,0.21411805701656877,1.5194849464776712
strength_ratio,"multi_[1.25,1.5)",epoch29,weak_source_error,54,54,0.8151544830890047,0.805757244378966,0.7730679013894615,0.37080336745738707,0.8850520363690327
strength_ratio,"multi_[1.25,1.5)",epoch29,weak_source_fraction_error,54,54,0.21422563499571018,0.1733448075601497,0.20542693503623222,0.06788292968377915,0.31157112493197486
strength_ratio,"multi_[1.25,1.5)",epoch30,wrel_l2,54,54,0.7285415617366058,0.19101553731420048,0.6939969776625878,0.5766463362970911,0.9048943011304881
strength_ratio,"multi_[1.25,1.5)",epoch30,mass_ratio,54,54,0.5442375618976987,0.28592698638829994,0.5468698636434763,0.3547538324576765,0.6987574378333364
strength_ratio,"multi_[1.25,1.5)",epoch30,mass_relative_error,54,54,0.4881321667801599,0.22627556051097394,0.45313013635652366,0.31109930701945016,0.6452461675423234
strength_ratio,"multi_[1.25,1.5)",epoch30,weighted_ccc,54,54,0.5517038370009439,0.26032060357629205,0.6138298212934687,0.3195805094637217,0.7681177886581655
strength_ratio,"multi_[1.25,1.5)",epoch30,com_error_mm,54,54,5.426349267592748,4.728723280973182,3.876805391139339,1.6314038084783529,8.080636474741887
strength_ratio,"multi_[1.25,1.5)",epoch30,shape_error,54,54,0.6880367967674722,0.2027859432986325,0.6434141019424149,0.4999670115445854,0.8926674764431431
strength_ratio,"multi_[1.25,1.5)",epoch30,shape_optimal_scale,54,54,1.328965084500721,0.756316874441588,1.1208353766947081,0.9734650625703385,1.3969656904597112
strength_ratio,"multi_[1.25,1.5)",epoch30,source_composition_error,54,54,0.3486142818309429,0.2585993457744782,0.3167375930477618,0.11896275688837166,0.5157779363685613
strength_ratio,"multi_[1.25,1.5)",epoch30,weak_source_mass_ratio,54,54,0.5386856656871275,0.6339462675579497,0.28249350612703794,0.004540940382389354,0.8343606979257636
strength_ratio,"multi_[1.25,1.5)",epoch30,weak_source_error,54,54,0.689430479873793,0.3733422004196362,0.9023299588608216,0.29229205368118755,0.9960326237582285
strength_ratio,"multi_[1.25,1.5)",epoch30,weak_source_fraction_error,54,54,0.28887704009280674,0.23898569406107964,0.2642844245067035,0.0778884883862607,0.3901617477855812
strength_ratio,"multi_[1.25,1.5)",p1_oracle,wrel_l2,54,54,0.0,0.0,0.0,0.0,0.0
strength_ratio,"multi_[1.25,1.5)",p1_oracle,mass_ratio,54,54,1.0,0.0,1.0,1.0,1.0
strength_ratio,"multi_[1.25,1.5)",p1_oracle,mass_relative_error,54,54,0.0,0.0,0.0,0.0,0.0
strength_ratio,"multi_[1.25,1.5)",p1_oracle,weighted_ccc,54,54,1.0,0.0,1.0,1.0,1.0
strength_ratio,"multi_[1.25,1.5)",p1_oracle,com_error_mm,54,54,0.0,0.0,0.0,0.0,0.0
strength_ratio,"multi_[1.25,1.5)",p1_oracle,shape_error,54,54,0.0,0.0,0.0,0.0,0.0
strength_ratio,"multi_[1.25,1.5)",p1_oracle,shape_optimal_scale,54,54,1.0,0.0,1.0,1.0,1.0
strength_ratio,"multi_[1.25,1.5)",p1_oracle,source_composition_error,54,54,0.02053482755513711,0.027546733037828654,0.006740289780807221,0.002170966062484403,0.02781555471328483
strength_ratio,"multi_[1.25,1.5)",p1_oracle,weak_source_mass_ratio,54,54,1.0084013548701682,0.08926758033132745,1.000929370423155,0.9921443621932894,1.041147621343637
strength_ratio,"multi_[1.25,1.5)",p1_oracle,weak_source_error,54,54,0.047202880332870394,0.07623104190646494,0.0218784171364928,0.006154131391575307,0.053947181021399115
strength_ratio,"multi_[1.25,1.5)",p1_oracle,weak_source_fraction_error,54,54,0.01550253053102988,0.021474850672158773,0.00566582371644235,0.0011734837059182435,0.01769259243402147
strength_ratio,"multi_[1.5,2)",epoch29,wrel_l2,64,64,0.8212341315276501,0.22269415474955895,0.871343079152881,0.6607738892209372,0.9497645203971399
strength_ratio,"multi_[1.5,2)",epoch29,mass_ratio,64,64,1.2129125937567227,0.7908759869857972,1.0813029055567598,0.6786357246860699,1.463655471079121
strength_ratio,"multi_[1.5,2)",epoch29,mass_relative_error,64,64,0.515307275049661,0.6366121359602465,0.35556194934835905,0.15792278315490468,0.5742614674673322
strength_ratio,"multi_[1.5,2)",epoch29,weighted_ccc,64,64,0.5275829701220065,0.2445077649914406,0.5253397091060334,0.33042929542145594,0.7734350913176105
strength_ratio,"multi_[1.5,2)",epoch29,com_error_mm,64,64,4.313402938063938,3.5724463573964003,3.058335444137826,1.4632314699500406,6.135220058918607
strength_ratio,"multi_[1.5,2)",epoch29,shape_error,64,64,0.7658257547810134,0.18242560275169573,0.8314474712118349,0.611067957517659,0.9134819420690066
strength_ratio,"multi_[1.5,2)",epoch29,shape_optimal_scale,64,64,0.8059338400645941,0.40094360575153115,0.7679852440539079,0.5837009575761725,1.0104792997187722
strength_ratio,"multi_[1.5,2)",epoch29,source_composition_error,64,64,0.303361835061862,0.20365368605173673,0.25921187575303595,0.1478877307101088,0.4317879557890914
strength_ratio,"multi_[1.5,2)",epoch29,weak_source_mass_ratio,64,64,2.7119218988393445,6.53646884095095,1.2607014382874142,0.4768754597120228,2.3867264599829414
strength_ratio,"multi_[1.5,2)",epoch29,weak_source_error,64,64,2.197545116800948,6.389592863091722,0.8408418264889014,0.4263305932312064,1.3867264599829414
strength_ratio,"multi_[1.5,2)",epoch29,weak_source_fraction_error,64,64,0.22850908305044665,0.20935781605378084,0.14916874576364397,0.056912325271649314,0.34352437405097036
strength_ratio,"multi_[1.5,2)",epoch30,wrel_l2,64,64,0.8067355093637616,0.16557155138624588,0.8528925518238548,0.6655540623181049,0.9409905417742187
strength_ratio,"multi_[1.5,2)",epoch30,mass_ratio,64,64,0.5483665603657617,0.3463342011365664,0.4910727565989065,0.3278180878664734,0.6842893634668845
strength_ratio,"multi_[1.5,2)",epoch30,mass_relative_error,64,64,0.5179814501421847,0.2358290906172437,0.5221515531097927,0.32015050635036985,0.7095752460801155
strength_ratio,"multi_[1.5,2)",epoch30,weighted_ccc,64,64,0.45944051833236776,0.24058318725120273,0.4606497431140474,0.24848392631501742,0.6741872083023824
strength_ratio,"multi_[1.5,2)",epoch30,com_error_mm,64,64,5.702576418244049,4.645093800543649,3.975722798323382,2.2331742134399937,7.7510038979938045
strength_ratio,"multi_[1.5,2)",epoch30,shape_error,64,64,0.770318879039544,0.17773922208821322,0.8292459340597018,0.6114321532045383,0.9290280498906948
strength_ratio,"multi_[1.5,2)",epoch30,shape_optimal_scale,64,64,1.1671488012166242,0.6643193374034199,1.0864276455554869,0.792984729081225,1.3980868254152723
strength_ratio,"multi_[1.5,2)",epoch30,source_composition_error,64,64,0.392303315734592,0.24813564448653716,0.34220317106556886,0.17953111552459866,0.5968770311535414
strength_ratio,"multi_[1.5,2)",epoch30,weak_source_mass_ratio,64,64,1.220063318988612,2.9280760802754786,0.6184865378649269,0.025112019117669665,1.124325422526307
strength_ratio,"multi_[1.5,2)",epoch30,weak_source_error,64,64,1.1527670826487948,2.7005898336117395,0.8054877029832872,0.3333904101429682,0.9991962777649267
strength_ratio,"multi_[1.5,2)",epoch30,weak_source_fraction_error,64,64,0.3089367213796902,0.26726516984112986,0.19066760310899372,0.08859781019438351,0.5055209505952044
strength_ratio,"multi_[1.5,2)",p1_oracle,wrel_l2,64,64,0.0,0.0,0.0,0.0,0.0
strength_ratio,"multi_[1.5,2)",p1_oracle,mass_ratio,64,64,1.0,0.0,1.0,1.0,1.0
strength_ratio,"multi_[1.5,2)",p1_oracle,mass_relative_error,64,64,0.0,0.0,0.0,0.0,0.0
strength_ratio,"multi_[1.5,2)",p1_oracle,weighted_ccc,64,64,1.0,0.0,1.0,1.0,1.0
strength_ratio,"multi_[1.5,2)",p1_oracle,com_error_mm,64,64,0.0,0.0,0.0,0.0,0.0
strength_ratio,"multi_[1.5,2)",p1_oracle,shape_error,64,64,0.0,0.0,0.0,0.0,0.0
strength_ratio,"multi_[1.5,2)",p1_oracle,shape_optimal_scale,64,64,1.0,0.0,1.0,1.0,1.0
strength_ratio,"multi_[1.5,2)",p1_oracle,source_composition_error,64,64,0.015881255312906094,0.024069063171142744,0.006805370341919812,0.0024549300745254164,0.019202810089868395
strength_ratio,"multi_[1.5,2)",p1_oracle,weak_source_mass_ratio,64,64,0.9857648470039844,0.10706377023352776,0.9954902517255344,0.9847388505354061,1.0139981076077555
strength_ratio,"multi_[1.5,2)",p1_oracle,weak_source_error,64,64,0.05183146298275346,0.09475647694223892,0.015633843932538194,0.006698039000344824,0.06418663414700371
strength_ratio,"multi_[1.5,2)",p1_oracle,weak_source_fraction_error,64,64,0.011668496211304405,0.022393643452589197,0.0034022415927249944,0.0009519253267583558,0.014516718806711355
strength_ratio,single,epoch29,wrel_l2,81,81,0.6653817339310428,0.2773504612934201,0.6632459614830335,0.41728351928412116,0.8800258960288403
strength_ratio,single,epoch29,mass_ratio,81,81,1.664898527474751,1.2062527826204892,1.3485800605844773,0.8856804731459319,1.9158387087050297
strength_ratio,single,epoch29,mass_relative_error,81,81,0.8293776666405094,1.0996674558682316,0.4423447281193181,0.1882487232879282,0.9158387087050297
strength_ratio,single,epoch29,weighted_ccc,81,81,0.6705521651385897,0.25860767742520924,0.7685424598181438,0.46963493915790644,0.895461826703702
strength_ratio,single,epoch29,com_error_mm,81,81,1.7806473158632974,1.0173476073557655,1.6083069004163597,1.0788165305702695,2.149580468040651
strength_ratio,single,epoch29,shape_error,81,81,0.5802446119647094,0.25629077451745147,0.5652541908664661,0.3332671940143207,0.8303590449730469
strength_ratio,single,epoch29,shape_optimal_scale,81,81,1.1252969559456267,0.9762884686432184,1.0217395113256598,0.719152201740903,1.3240305301992272
strength_ratio,single,epoch29,source_composition_error,81,0,nan,nan,nan,nan,nan
strength_ratio,single,epoch29,weak_source_mass_ratio,81,0,nan,nan,nan,nan,nan
strength_ratio,single,epoch29,weak_source_error,81,0,nan,nan,nan,nan,nan
strength_ratio,single,epoch29,weak_source_fraction_error,81,0,nan,nan,nan,nan,nan
strength_ratio,single,epoch30,wrel_l2,81,81,0.6597169371331597,0.21683059677791425,0.6390430807206665,0.49221046362492715,0.8493635728511482
strength_ratio,single,epoch30,mass_ratio,81,81,0.7890824991375848,0.5515893922279492,0.6191659804996658,0.4463803121880372,0.983735246888318
strength_ratio,single,epoch30,mass_relative_error,81,81,0.48986308764501746,0.32980479855716943,0.48610533213491025,0.2661640187431061,0.6365829347101046
strength_ratio,single,epoch30,weighted_ccc,81,81,0.6065849036781495,0.2786384777234183,0.6677774316611323,0.35756265305383583,0.8479871409903664
strength_ratio,single,epoch30,com_error_mm,81,81,0.5225681148953336,0.4391627221766505,0.3985832394190998,0.2654974731037041,0.5999802506989587
strength_ratio,single,epoch30,shape_error,81,81,0.5624731595216989,0.24463983067343012,0.5149601478727872,0.34076565308408235,0.8061052562746004
strength_ratio,single,epoch30,shape_optimal_scale,81,81,1.8015715765037073,1.5541072981170452,1.4275865207465104,1.0845644077293095,2.008276314547095
strength_ratio,single,epoch30,source_composition_error,81,0,nan,nan,nan,nan,nan
strength_ratio,single,epoch30,weak_source_mass_ratio,81,0,nan,nan,nan,nan,nan
strength_ratio,single,epoch30,weak_source_error,81,0,nan,nan,nan,nan,nan
strength_ratio,single,epoch30,weak_source_fraction_error,81,0,nan,nan,nan,nan,nan
strength_ratio,single,p1_oracle,wrel_l2,81,81,0.0,0.0,0.0,0.0,0.0
strength_ratio,single,p1_oracle,mass_ratio,81,81,1.0,0.0,1.0,1.0,1.0
strength_ratio,single,p1_oracle,mass_relative_error,81,81,0.0,0.0,0.0,0.0,0.0
strength_ratio,single,p1_oracle,weighted_ccc,81,81,1.0,0.0,1.0,1.0,1.0
strength_ratio,single,p1_oracle,com_error_mm,81,81,0.0,0.0,0.0,0.0,0.0
strength_ratio,single,p1_oracle,shape_error,81,81,0.0,0.0,0.0,0.0,0.0
strength_ratio,single,p1_oracle,shape_optimal_scale,81,81,1.0,0.0,1.0,1.0,1.0
strength_ratio,single,p1_oracle,source_composition_error,81,0,nan,nan,nan,nan,nan
strength_ratio,single,p1_oracle,weak_source_mass_ratio,81,0,nan,nan,nan,nan,nan
strength_ratio,single,p1_oracle,weak_source_error,81,0,nan,nan,nan,nan,nan
strength_ratio,single,p1_oracle,weak_source_fraction_error,81,0,nan,nan,nan,nan,nan
source_distance,multi_<5mm,epoch29,wrel_l2,34,34,0.7348584897278597,0.17795629943871602,0.7303916921384691,0.5935644611875537,0.8775060590161772
source_distance,multi_<5mm,epoch29,mass_ratio,34,34,1.0669126221944387,0.5193665285398388,0.9769832037113908,0.6832043555051653,1.4789698929868176
source_distance,multi_<5mm,epoch29,mass_relative_error,34,34,0.41189899797496415,0.32335445789980904,0.34413732507499595,0.18298453704874065,0.5753571743844539
source_distance,multi_<5mm,epoch29,weighted_ccc,34,34,0.6000328786737822,0.22012234817480872,0.6135651337350984,0.4898666023325301,0.8049148225106646
source_distance,multi_<5mm,epoch29,com_error_mm,34,34,2.8093411498045713,2.399221640617453,1.8255555155904473,1.1370058843093958,3.581893264799743
source_distance,multi_<5mm,epoch29,shape_error,34,34,0.6907243696724918,0.17515416095213227,0.704233178091417,0.5589123770879442,0.8223834066552604
source_distance,multi_<5mm,epoch29,shape_optimal_scale,34,34,1.0375666345057788,0.3943484978363673,1.0178412157160048,0.7916703194586524,1.2539779858956301
source_distance,multi_<5mm,epoch29,source_composition_error,34,34,0.2200440476459433,0.1571525760417844,0.19221357126733263,0.07973809623501682,0.2932234706724012
source_distance,multi_<5mm,epoch29,weak_source_mass_ratio,34,34,1.9367454209114523,4.393102927407051,1.007949787340429,0.29616530628521465,1.8028469743625308
source_distance,multi_<5mm,epoch29,weak_source_error,34,34,1.5151140006693673,4.228625648998342,0.7850745744637925,0.23599223322067384,0.95211657973494
source_distance,multi_<5mm,epoch29,weak_source_fraction_error,34,34,0.12262005337152881,0.12230130891190956,0.07820511011476977,0.04490605314593657,0.14950384317904375
source_distance,multi_<5mm,epoch30,wrel_l2,34,34,0.756577505840295,0.14663621302747992,0.7784554366832691,0.6138470413601249,0.868720301948344
source_distance,multi_<5mm,epoch30,mass_ratio,34,34,0.48971055769649074,0.23326028810047364,0.42370295834516125,0.30654566400791183,0.7005406266480495
source_distance,multi_<5mm,epoch30,mass_relative_error,34,34,0.5102894423035094,0.2332602881004736,0.5762970416548387,0.2994593733519505,0.6934543359920882
source_distance,multi_<5mm,epoch30,weighted_ccc,34,34,0.5048170038740059,0.23220921496968466,0.5087037087504294,0.33661343164821045,0.7378317484360613
source_distance,multi_<5mm,epoch30,com_error_mm,34,34,3.2369703591990238,3.1385628001030677,2.0041061004794285,0.9860057142776321,4.001029827064437
source_distance,multi_<5mm,epoch30,shape_error,34,34,0.6976280783464627,0.15801573203296304,0.7009977780767936,0.5796238922573917,0.7954779529514406
source_distance,multi_<5mm,epoch30,shape_optimal_scale,34,34,1.5976335376966815,0.7617096676097936,1.5826491408068133,1.0616302231911054,1.850501063723955
source_distance,multi_<5mm,epoch30,source_composition_error,34,34,0.2698874819358121,0.20224242022200653,0.20591336685932704,0.12110705015992532,0.34596166187645977
source_distance,multi_<5mm,epoch30,weak_source_mass_ratio,34,34,0.8895793775594624,2.098280656521847,0.4797967246285968,0.06885630378982396,0.7629033790003976
source_distance,multi_<5mm,epoch30,weak_source_error,34,34,0.9570318686552388,1.870578635014356,0.6036729084541622,0.3916792435507547,0.9854868812971611
source_distance,multi_<5mm,epoch30,weak_source_fraction_error,34,34,0.15926808772426634,0.17468941041004207,0.1185818330504548,0.05092548774117728,0.16222160806583352
source_distance,multi_<5mm,p1_oracle,wrel_l2,34,34,0.0,0.0,0.0,0.0,0.0
source_distance,multi_<5mm,p1_oracle,mass_ratio,34,34,1.0,0.0,1.0,1.0,1.0
source_distance,multi_<5mm,p1_oracle,mass_relative_error,34,34,0.0,0.0,0.0,0.0,0.0
source_distance,multi_<5mm,p1_oracle,weighted_ccc,34,34,1.0,0.0,1.0,1.0,1.0
source_distance,multi_<5mm,p1_oracle,com_error_mm,34,34,0.0,0.0,0.0,0.0,0.0
source_distance,multi_<5mm,p1_oracle,shape_error,34,34,0.0,0.0,0.0,0.0,0.0
source_distance,multi_<5mm,p1_oracle,shape_optimal_scale,34,34,1.0,0.0,1.0,1.0,1.0
source_distance,multi_<5mm,p1_oracle,source_composition_error,34,34,0.01622064092482874,0.017442643082613774,0.008170216620957758,0.0033160603661755213,0.022765379002053276
source_distance,multi_<5mm,p1_oracle,weak_source_mass_ratio,34,34,0.969460852825995,0.14793596987182744,0.9987185421635214,0.9678469242954069,1.0233710635291497
source_distance,multi_<5mm,p1_oracle,weak_source_error,34,34,0.06841461878928705,0.1346741646640153,0.03081731499229734,0.00927682336026947,0.060569920537905525
source_distance,multi_<5mm,p1_oracle,weak_source_fraction_error,34,34,0.01071675304528536,0.016579349672545207,0.004567558156042928,0.001185962378227469,0.012624480507641703
source_distance,multi_>=20mm,epoch29,wrel_l2,39,39,0.7705849857848588,0.3455871246137199,0.7193456861051034,0.5263082938578312,0.9412133519727804
source_distance,multi_>=20mm,epoch29,mass_ratio,39,39,1.3241341719010735,0.9755938782162454,1.0056183136630148,0.6434219392221369,1.5076228546754002
source_distance,multi_>=20mm,epoch29,mass_relative_error,39,39,0.6192713172137179,0.8205787057213927,0.387269523039928,0.12297147756432271,0.621620942235973
source_distance,multi_>=20mm,epoch29,weighted_ccc,39,39,0.6309253576668349,0.23721356482773867,0.6795964831155801,0.51252430056759,0.8371882684329424
source_distance,multi_>=20mm,epoch29,com_error_mm,39,39,5.1865048456414495,4.315884638551953,3.6511848659969623,1.4370391317530793,8.2821242604061
source_distance,multi_>=20mm,epoch29,shape_error,39,39,0.6642994213551722,0.20238850585823492,0.6695945596924301,0.5095862566595958,0.806559934496341
source_distance,multi_>=20mm,epoch29,shape_optimal_scale,39,39,0.8691975936146852,0.31883704556405973,0.9086961041213818,0.6308318378201543,1.1238631928876157
source_distance,multi_>=20mm,epoch29,source_composition_error,39,39,0.2177659635816535,0.18496963955169404,0.161866460542456,0.061974851684687186,0.3835798836154367
source_distance,multi_>=20mm,epoch29,weak_source_mass_ratio,39,39,2.074893493761401,2.854462034682239,1.116508005578728,0.5236032390443024,2.722060804096179
source_distance,multi_>=20mm,epoch29,weak_source_error,39,39,1.5391612515877864,2.6333120156911862,0.6757700788972318,0.3065038151954567,1.722060804096179
source_distance,multi_>=20mm,epoch29,weak_source_fraction_error,39,39,0.21525313591983297,0.18407070743131695,0.16186646054245596,0.06197485168468718,0.3765544975625089
source_distance,multi_>=20mm,epoch30,wrel_l2,39,39,0.7442412610462069,0.2561553214724062,0.6874163205242191,0.5663786540588749,0.8583987828154811
source_distance,multi_>=20mm,epoch30,mass_ratio,39,39,0.6370817034711389,0.4739509786731797,0.5328623802332998,0.34534213201591446,0.6976848814801635
source_distance,multi_>=20mm,epoch30,mass_relative_error,39,39,0.5390806249959603,0.25638116134895733,0.5022362422616855,0.3651344931167389,0.6954689832458583
source_distance,multi_>=20mm,epoch30,weighted_ccc,39,39,0.5810688499089294,0.24597015075095255,0.6548898122844291,0.4207905069138228,0.7849397397609437
source_distance,multi_>=20mm,epoch30,com_error_mm,39,39,6.69779114242934,5.88347148828729,4.487753002929418,1.488477167530474,11.445646478588948
source_distance,multi_>=20mm,epoch30,shape_error,39,39,0.6684196316280916,0.19201122219222364,0.66005728557206,0.48926698216541886,0.8220605366580432
source_distance,multi_>=20mm,epoch30,shape_optimal_scale,39,39,1.167073525522078,0.3909173761373088,1.2359777722982,0.9802418757195199,1.4203734120781384
source_distance,multi_>=20mm,epoch30,source_composition_error,39,39,0.2979511252447723,0.2488150486442463,0.2105533046427169,0.08751284592766077,0.49535545247336193
source_distance,multi_>=20mm,epoch30,weak_source_mass_ratio,39,39,0.9652513523617944,1.3891149942718135,0.6282521687969831,0.01632788065724313,1.2689630609809925
source_distance,multi_>=20mm,epoch30,weak_source_error,39,39,0.9256752984832526,1.0363267716320976,0.8576756341642631,0.3950412523840622,0.9988883973295644
source_distance,multi_>=20mm,epoch30,weak_source_fraction_error,39,39,0.2938343362996388,0.24796805385683743,0.21055330464271688,0.08751284592766076,0.495355452473362
source_distance,multi_>=20mm,p1_oracle,wrel_l2,39,39,0.0,0.0,0.0,0.0,0.0
source_distance,multi_>=20mm,p1_oracle,mass_ratio,39,39,1.0,0.0,1.0,1.0,1.0
source_distance,multi_>=20mm,p1_oracle,mass_relative_error,39,39,0.0,0.0,0.0,0.0,0.0
source_distance,multi_>=20mm,p1_oracle,weighted_ccc,39,39,1.0,0.0,1.0,1.0,1.0
source_distance,multi_>=20mm,p1_oracle,com_error_mm,39,39,0.0,0.0,0.0,0.0,0.0
source_distance,multi_>=20mm,p1_oracle,shape_error,39,39,0.0,0.0,0.0,0.0,0.0
source_distance,multi_>=20mm,p1_oracle,shape_optimal_scale,39,39,1.0,0.0,1.0,1.0,1.0
source_distance,multi_>=20mm,p1_oracle,source_composition_error,39,39,0.019445658921114307,0.04439416213280455,0.003215946854080165,0.0008592636576580355,0.014523381732241707
source_distance,multi_>=20mm,p1_oracle,weak_source_mass_ratio,39,39,0.9555545980620221,0.2028077864129498,0.9996968029678723,0.9763915216425424,1.0113268721437718
source_distance,multi_>=20mm,p1_oracle,weak_source_error,39,39,0.08488450350179481,0.1894756265285931,0.018150874598116484,0.005643688994294405,0.04443196207746769
source_distance,multi_>=20mm,p1_oracle,weak_source_fraction_error,39,39,0.019445658921114307,0.04439416213280455,0.0032159468540801095,0.0008592636576579774,0.0145233817322417
source_distance,"multi_[10,20)mm",epoch29,wrel_l2,68,68,0.7804931217632332,0.25917178998447293,0.7661391096899941,0.568131675807307,0.9430634926271872
source_distance,"multi_[10,20)mm",epoch29,mass_ratio,68,68,1.2478424137510968,1.0181261031212716,0.9696900927747283,0.7538551429173295,1.4107567940356724
source_distance,"multi_[10,20)mm",epoch29,mass_relative_error,68,68,0.5627703243544194,0.8839096028083969,0.26454022393029963,0.16791306126024572,0.5927352973442138
source_distance,"multi_[10,20)mm",epoch29,weighted_ccc,68,68,0.5829637974189663,0.24530877534332537,0.5943505197219899,0.3461052348434917,0.8228857656427728
source_distance,"multi_[10,20)mm",epoch29,com_error_mm,68,68,3.784146105972,2.8885198898186513,3.2781969983293555,1.1909697203249514,5.533521970177242
source_distance,"multi_[10,20)mm",epoch29,shape_error,68,68,0.7062077662308672,0.21004336655711897,0.7367830229828429,0.5087396142166808,0.8943754654235126
source_distance,"multi_[10,20)mm",epoch29,shape_optimal_scale,68,68,0.8880110510266177,0.4398848906611342,0.8846442234355937,0.6195118292621297,1.1374233185994882
source_distance,"multi_[10,20)mm",epoch29,source_composition_error,68,68,0.26537554711179956,0.2030576119629581,0.20542693503623222,0.08501641219542261,0.4197189349142991
source_distance,"multi_[10,20)mm",epoch29,weak_source_mass_ratio,68,68,2.11389914173251,6.383475260811651,0.6435727832576896,0.2282180034101934,1.8416075435635721
source_distance,"multi_[10,20)mm",epoch29,weak_source_error,68,68,1.8897835025515353,6.19824539824222,0.7731595793698444,0.4716856963021832,0.8976921858923835
source_distance,"multi_[10,20)mm",epoch29,weak_source_fraction_error,68,68,0.21442823697524657,0.18922131111632595,0.15507709365076391,0.06883236184736304,0.32505319573990055
source_distance,"multi_[10,20)mm",epoch30,wrel_l2,68,68,0.75726610865738,0.18602174914031977,0.7517760168400418,0.6070555737614056,0.9109496637790828
source_distance,"multi_[10,20)mm",epoch30,mass_ratio,68,68,0.5894476219513713,0.427958354255013,0.5273735005455237,0.33561632485917214,0.6543562975346977
source_distance,"multi_[10,20)mm",epoch30,mass_relative_error,68,68,0.5361828824403634,0.2533959839381576,0.5016828524439281,0.3730267232338026,0.6774300945644183
source_distance,"multi_[10,20)mm",epoch30,weighted_ccc,68,68,0.5270590167785543,0.24194299984948758,0.5368729673524517,0.33687216036547635,0.7600723965431762
source_distance,"multi_[10,20)mm",epoch30,com_error_mm,68,68,5.138964408342524,3.7396693345955954,4.781172083104945,1.5799569008734275,7.390718429539815
source_distance,"multi_[10,20)mm",epoch30,shape_error,68,68,0.6985603807751859,0.203503653879753,0.7260254993406732,0.5017442723790044,0.8925332640011291
source_distance,"multi_[10,20)mm",epoch30,shape_optimal_scale,68,68,1.3850526581280178,1.1986810796617098,1.0960328001912494,0.869358052724943,1.432859688267937
source_distance,"multi_[10,20)mm",epoch30,source_composition_error,68,68,0.35534160170895707,0.2554713298312505,0.323172008691243,0.12392264536339105,0.5486348862785289
source_distance,"multi_[10,20)mm",epoch30,weak_source_mass_ratio,68,68,0.9256076949829615,2.8029652880550207,0.1910369943664647,0.004111550020406781,0.962730015057834
source_distance,"multi_[10,20)mm",epoch30,weak_source_error,68,68,1.1446313623022628,2.5596811648174422,0.9876133315774536,0.4659330385193968,0.9986944883078206
source_distance,"multi_[10,20)mm",epoch30,weak_source_fraction_error,68,68,0.2974087150517719,0.24830968386023192,0.21647079527131202,0.09671848968301253,0.46030436400027525
source_distance,"multi_[10,20)mm",p1_oracle,wrel_l2,68,68,0.0,0.0,0.0,0.0,0.0
source_distance,"multi_[10,20)mm",p1_oracle,mass_ratio,68,68,1.0,0.0,1.0,1.0,1.0
source_distance,"multi_[10,20)mm",p1_oracle,mass_relative_error,68,68,0.0,0.0,0.0,0.0,0.0
source_distance,"multi_[10,20)mm",p1_oracle,weighted_ccc,68,68,1.0,0.0,1.0,1.0,1.0
source_distance,"multi_[10,20)mm",p1_oracle,com_error_mm,68,68,0.0,0.0,0.0,0.0,0.0
source_distance,"multi_[10,20)mm",p1_oracle,shape_error,68,68,0.0,0.0,0.0,0.0,0.0
source_distance,"multi_[10,20)mm",p1_oracle,shape_optimal_scale,68,68,1.0,0.0,1.0,1.0,1.0
source_distance,"multi_[10,20)mm",p1_oracle,source_composition_error,68,68,0.017194699416698052,0.02119017640030359,0.006891342391735916,0.0018062119171702437,0.028631128165474497
source_distance,"multi_[10,20)mm",p1_oracle,weak_source_mass_ratio,68,68,0.9724588740045778,0.15211288094242587,0.9965554402086453,0.9761368715607917,1.0083636903608795
source_distance,"multi_[10,20)mm",p1_oracle,weak_source_error,68,68,0.0655112119055859,0.14001829624860385,0.019886520600300828,0.0064886822881317086,0.05281664743046685
source_distance,"multi_[10,20)mm",p1_oracle,weak_source_fraction_error,68,68,0.0150084470712284,0.020436372040837165,0.005637620527899331,0.0012412437731924436,0.017963995765289807
source_distance,"multi_[5,10)mm",epoch29,wrel_l2,78,78,0.8347783848340995,0.21692505962412728,0.8816427346320613,0.6693894889946745,0.9404543662762801
source_distance,"multi_[5,10)mm",epoch29,mass_ratio,78,78,1.1973429298050702,1.1630247335615413,0.8882024165595721,0.5406863236114725,1.3298333769597868
source_distance,"multi_[5,10)mm",epoch29,mass_relative_error,78,78,0.6607927676411472,0.9772019653342375,0.4251331978445935,0.2166390818723557,0.6520979348868495
source_distance,"multi_[5,10)mm",epoch29,weighted_ccc,78,78,0.507895340647039,0.22897535591311138,0.47139580616346444,0.33669706710542713,0.7470035459448359
source_distance,"multi_[5,10)mm",epoch29,com_error_mm,78,78,4.196296718859785,3.145542798728784,3.2025849883401287,1.7973626461863785,6.035290383754617
source_distance,"multi_[5,10)mm",epoch29,shape_error,78,78,0.7820761767865227,0.1637866935761269,0.8487069318699604,0.6476053817497831,0.909528017225181
source_distance,"multi_[5,10)mm",epoch29,shape_optimal_scale,78,78,0.8743027877643629,0.3971619897137965,0.8222494629150792,0.634102814518106,1.107751543142442
source_distance,"multi_[5,10)mm",epoch29,source_composition_error,78,78,0.3401382303958753,0.18428776892769053,0.32586059524065625,0.19817312373146234,0.48565131871789646
source_distance,"multi_[5,10)mm",epoch29,weak_source_mass_ratio,78,78,1.3860892959093902,2.0521594361903905,0.9242296902271365,0.18759801855127708,1.552796848069207
source_distance,"multi_[5,10)mm",epoch29,weak_source_error,78,78,1.1109849008219672,1.7680881895727583,0.8020045111315774,0.43400370742770605,0.9396402219917659
source_distance,"multi_[5,10)mm",epoch29,weak_source_fraction_error,78,78,0.25220967360547647,0.18957717688385214,0.22492958839758503,0.07944408955115531,0.3542082608406153
source_distance,"multi_[5,10)mm",epoch30,wrel_l2,78,78,0.816987703225396,0.15960573170514203,0.86781858409613,0.6894286471365059,0.9193877498264553
source_distance,"multi_[5,10)mm",epoch30,mass_ratio,78,78,0.5393005153610686,0.4845572024244886,0.4546291393328313,0.25516911756764504,0.6781887149868937
source_distance,"multi_[5,10)mm",epoch30,mass_relative_error,78,78,0.5707069103428108,0.34832932700963704,0.5628173910442885,0.34907796625164544,0.7669743796189028
source_distance,"multi_[5,10)mm",epoch30,weighted_ccc,78,78,0.44614790179628383,0.2279926492483233,0.42325100422747725,0.2682993139469835,0.6471853118112026
source_distance,"multi_[5,10)mm",epoch30,com_error_mm,78,78,5.435366142924918,4.253505242084834,3.599729675368155,2.3822016180503924,7.882500808275357
source_distance,"multi_[5,10)mm",epoch30,shape_error,78,78,0.781349153163598,0.15893908708012616,0.8479737436776518,0.6573511525586083,0.9015325495271058
source_distance,"multi_[5,10)mm",epoch30,shape_optimal_scale,78,78,1.2975096419027625,0.744615787340146,1.1719271083817495,0.9377602849533748,1.5117539457637865
source_distance,"multi_[5,10)mm",epoch30,source_composition_error,78,78,0.4343078165420409,0.24190979229239307,0.3812938707186634,0.24665441568060834,0.6695251496856741
source_distance,"multi_[5,10)mm",epoch30,weak_source_mass_ratio,78,78,0.6246240114592716,1.0904511417431475,0.28584447463309026,0.002101190276415609,0.8295160168906043
source_distance,"multi_[5,10)mm",epoch30,weak_source_error,78,78,0.8036573015721787,0.8271189557322377,0.9673943008537589,0.3159156850851106,0.9986128559368279
source_distance,"multi_[5,10)mm",epoch30,weak_source_fraction_error,78,78,0.3274081765330116,0.2427871931038646,0.28668616547078263,0.1095152957122804,0.4889654135595361
source_distance,"multi_[5,10)mm",p1_oracle,wrel_l2,78,78,0.0,0.0,0.0,0.0,0.0
source_distance,"multi_[5,10)mm",p1_oracle,mass_ratio,78,78,1.0,0.0,1.0,1.0,1.0
source_distance,"multi_[5,10)mm",p1_oracle,mass_relative_error,78,78,0.0,0.0,0.0,0.0,0.0
source_distance,"multi_[5,10)mm",p1_oracle,weighted_ccc,78,78,1.0,0.0,1.0,1.0,1.0
source_distance,"multi_[5,10)mm",p1_oracle,com_error_mm,78,78,0.0,0.0,0.0,0.0,0.0
source_distance,"multi_[5,10)mm",p1_oracle,shape_error,78,78,0.0,0.0,0.0,0.0,0.0
source_distance,"multi_[5,10)mm",p1_oracle,shape_optimal_scale,78,78,1.0,0.0,1.0,1.0,1.0
source_distance,"multi_[5,10)mm",p1_oracle,source_composition_error,78,78,0.0212545546841535,0.02894982630114795,0.008281726321341698,0.0025192679234125204,0.0273801812688579
source_distance,"multi_[5,10)mm",p1_oracle,weak_source_mass_ratio,78,78,0.9804906969577925,0.17400099513989434,0.9982203505657847,0.9856687918499321,1.0222080577036157
source_distance,"multi_[5,10)mm",p1_oracle,weak_source_error,78,78,0.06765645671393009,0.1614916811473035,0.020643245328915816,0.006935287489663711,0.06290509025957983
source_distance,"multi_[5,10)mm",p1_oracle,weak_source_fraction_error,78,78,0.01563064687871895,0.024025035530360846,0.005709078345570703,0.0015702283054615448,0.018853770651256
source_distance,single,epoch29,wrel_l2,81,81,0.6653817339310428,0.2773504612934201,0.6632459614830335,0.41728351928412116,0.8800258960288403
source_distance,single,epoch29,mass_ratio,81,81,1.664898527474751,1.2062527826204892,1.3485800605844773,0.8856804731459319,1.9158387087050297
source_distance,single,epoch29,mass_relative_error,81,81,0.8293776666405094,1.0996674558682316,0.4423447281193181,0.1882487232879282,0.9158387087050297
source_distance,single,epoch29,weighted_ccc,81,81,0.6705521651385897,0.25860767742520924,0.7685424598181438,0.46963493915790644,0.895461826703702
source_distance,single,epoch29,com_error_mm,81,81,1.7806473158632974,1.0173476073557655,1.6083069004163597,1.0788165305702695,2.149580468040651
source_distance,single,epoch29,shape_error,81,81,0.5802446119647094,0.25629077451745147,0.5652541908664661,0.3332671940143207,0.8303590449730469
source_distance,single,epoch29,shape_optimal_scale,81,81,1.1252969559456267,0.9762884686432184,1.0217395113256598,0.719152201740903,1.3240305301992272
source_distance,single,epoch29,source_composition_error,81,0,nan,nan,nan,nan,nan
source_distance,single,epoch29,weak_source_mass_ratio,81,0,nan,nan,nan,nan,nan
source_distance,single,epoch29,weak_source_error,81,0,nan,nan,nan,nan,nan
source_distance,single,epoch29,weak_source_fraction_error,81,0,nan,nan,nan,nan,nan
source_distance,single,epoch30,wrel_l2,81,81,0.6597169371331597,0.21683059677791425,0.6390430807206665,0.49221046362492715,0.8493635728511482
source_distance,single,epoch30,mass_ratio,81,81,0.7890824991375848,0.5515893922279492,0.6191659804996658,0.4463803121880372,0.983735246888318
source_distance,single,epoch30,mass_relative_error,81,81,0.48986308764501746,0.32980479855716943,0.48610533213491025,0.2661640187431061,0.6365829347101046
source_distance,single,epoch30,weighted_ccc,81,81,0.6065849036781495,0.2786384777234183,0.6677774316611323,0.35756265305383583,0.8479871409903664
source_distance,single,epoch30,com_error_mm,81,81,0.5225681148953336,0.4391627221766505,0.3985832394190998,0.2654974731037041,0.5999802506989587
source_distance,single,epoch30,shape_error,81,81,0.5624731595216989,0.24463983067343012,0.5149601478727872,0.34076565308408235,0.8061052562746004
source_distance,single,epoch30,shape_optimal_scale,81,81,1.8015715765037073,1.5541072981170452,1.4275865207465104,1.0845644077293095,2.008276314547095
source_distance,single,epoch30,source_composition_error,81,0,nan,nan,nan,nan,nan
source_distance,single,epoch30,weak_source_mass_ratio,81,0,nan,nan,nan,nan,nan
source_distance,single,epoch30,weak_source_error,81,0,nan,nan,nan,nan,nan
source_distance,single,epoch30,weak_source_fraction_error,81,0,nan,nan,nan,nan,nan
source_distance,single,p1_oracle,wrel_l2,81,81,0.0,0.0,0.0,0.0,0.0
source_distance,single,p1_oracle,mass_ratio,81,81,1.0,0.0,1.0,1.0,1.0
source_distance,single,p1_oracle,mass_relative_error,81,81,0.0,0.0,0.0,0.0,0.0
source_distance,single,p1_oracle,weighted_ccc,81,81,1.0,0.0,1.0,1.0,1.0
source_distance,single,p1_oracle,com_error_mm,81,81,0.0,0.0,0.0,0.0,0.0
source_distance,single,p1_oracle,shape_error,81,81,0.0,0.0,0.0,0.0,0.0
source_distance,single,p1_oracle,shape_optimal_scale,81,81,1.0,0.0,1.0,1.0,1.0
source_distance,single,p1_oracle,source_composition_error,81,0,nan,nan,nan,nan,nan
source_distance,single,p1_oracle,weak_source_mass_ratio,81,0,nan,nan,nan,nan,nan
source_distance,single,p1_oracle,weak_source_error,81,0,nan,nan,nan,nan,nan
source_distance,single,p1_oracle,weak_source_fraction_error,81,0,nan,nan,nan,nan,nan
depth,deep,epoch29,wrel_l2,86,86,0.7824361681391379,0.2684119209346656,0.7765992576043796,0.5943649580429955,0.9612101540519278
depth,deep,epoch29,mass_ratio,86,86,1.3980255691511727,1.2352854453127529,0.950643570934927,0.7462372047574947,1.5772889623194142
depth,deep,epoch29,mass_relative_error,86,86,0.7139069486631221,1.083831792184632,0.38481438094910747,0.18418149597211328,0.669394395607155
depth,deep,epoch29,weighted_ccc,86,86,0.5824465660472206,0.24707706651933717,0.6342533816590323,0.34843414261158423,0.8177597955077639
depth,deep,epoch29,com_error_mm,86,86,3.392896764968433,3.0780542093833922,2.2225067834001564,1.1641525249418456,4.437914429251057
depth,deep,epoch29,shape_error,86,86,0.6952498450197974,0.2117717355602258,0.7136992842212905,0.5324071920167671,0.8944085408769675
depth,deep,epoch29,shape_optimal_scale,86,86,1.0186753028649131,0.9798128468120247,0.8778830320930414,0.6120124691913308,1.1918194034625056
depth,deep,epoch29,source_composition_error,86,64,0.28463885703537195,0.19867718814941332,0.2397932752324255,0.10583051416789621,0.4253612285501792
depth,deep,epoch29,weak_source_mass_ratio,86,64,2.140196297484884,4.214887949311076,0.8917295403759653,0.2936778698151272,1.8608263292032425
depth,deep,epoch29,weak_source_error,86,64,1.7814525333691873,3.9864463991628525,0.7669456195643491,0.3039817204072377,0.9639198248691105
depth,deep,epoch29,weak_source_fraction_error,86,64,0.2299834566048845,0.17851446303975868,0.1989971985378281,0.07832852937618132,0.3410034175287208
depth,deep,epoch30,wrel_l2,86,86,0.754980873887174,0.19724210203598597,0.7582618417959869,0.6002660590441928,0.9225478074511844
depth,deep,epoch30,mass_ratio,86,86,0.6626111988844262,0.541477055557906,0.5038832295202615,0.3565290550293846,0.7649364705297578
depth,deep,epoch30,mass_relative_error,86,86,0.5393600026099912,0.3407629563177521,0.5359896810919721,0.31482014596281904,0.6964709716204798
depth,deep,epoch30,weighted_ccc,86,86,0.5295164467086182,0.2600081615141177,0.5554551657487834,0.293533132225536,0.7545320163341735
depth,deep,epoch30,com_error_mm,86,86,3.945783284504402,4.10183986107543,2.195999784126564,0.7224442939569378,5.82063628757494
depth,deep,epoch30,shape_error,86,86,0.6881122824481453,0.20567324919131577,0.6884772429729558,0.5661984592666197,0.8881047036450036
depth,deep,epoch30,shape_optimal_scale,86,86,1.6262910724489927,1.7598280495669283,1.244048816534984,0.8972034752022988,1.6132399242149482
depth,deep,epoch30,source_composition_error,86,64,0.36077627718009536,0.24255940598739645,0.3327311129830694,0.15063077466757135,0.5177642935205098
depth,deep,epoch30,weak_source_mass_ratio,86,64,1.0250249010957844,1.9950768032730624,0.43637545839835445,0.004945874872014091,1.0221885094801721
depth,deep,epoch30,weak_source_error,86,64,1.0932436727995127,1.669064399152096,0.9379614684394304,0.4172095434098313,0.9991462261161692
depth,deep,epoch30,weak_source_fraction_error,86,64,0.2992086240777917,0.22259901041930522,0.27966401284415465,0.11874204391649949,0.4253062690184466
depth,deep,p1_oracle,wrel_l2,86,86,0.0,0.0,0.0,0.0,0.0
depth,deep,p1_oracle,mass_ratio,86,86,1.0,0.0,1.0,1.0,1.0
depth,deep,p1_oracle,mass_relative_error,86,86,0.0,0.0,0.0,0.0,0.0
depth,deep,p1_oracle,weighted_ccc,86,86,1.0,0.0,1.0,1.0,1.0
depth,deep,p1_oracle,com_error_mm,86,86,0.0,0.0,0.0,0.0,0.0
depth,deep,p1_oracle,shape_error,86,86,0.0,0.0,0.0,0.0,0.0
depth,deep,p1_oracle,shape_optimal_scale,86,86,1.0,0.0,1.0,1.0,1.0
depth,deep,p1_oracle,source_composition_error,86,64,0.015352539221466973,0.01876561993815225,0.006113724948040189,0.0018266489065577015,0.023760309075022298
depth,deep,p1_oracle,weak_source_mass_ratio,86,64,0.9947604734120238,0.08423807713694872,1.000730112162827,0.9814563273810537,1.0218280876881494
depth,deep,p1_oracle,weak_source_error,86,64,0.04364788607884056,0.07223827461564396,0.02154941220168527,0.004628454169869761,0.05135863326389817
depth,deep,p1_oracle,weak_source_fraction_error,86,64,0.011411744817251851,0.016220714378882187,0.005850006935604168,0.0016140032206944585,0.015083682697366735
depth,medium,epoch29,wrel_l2,123,123,0.7272835546465153,0.27493330335989824,0.7341375091043368,0.49260846768405187,0.8950018154001337
depth,medium,epoch29,mass_ratio,123,123,1.2089629480063429,0.8716970121409083,1.008741304624549,0.686069465612533,1.4692162426033988
depth,medium,epoch29,mass_relative_error,123,123,0.5380776757329483,0.7169334763370425,0.3606498321601114,0.18447937049134802,0.6039205982542172
depth,medium,epoch29,weighted_ccc,123,123,0.6204549032287544,0.24731953020150343,0.6367043591669577,0.4415093146689033,0.8481298816434123
depth,medium,epoch29,com_error_mm,123,123,3.2400411738835464,2.7975663874904337,2.152397021210534,1.2050283579595127,4.181816557605192
depth,medium,epoch29,shape_error,123,123,0.660044570777033,0.2237197588749121,0.7055615311286748,0.47192031036942317,0.8527887690832041
depth,medium,epoch29,shape_optimal_scale,123,123,0.9678955143483858,0.3899307273328802,0.9634531621525312,0.7408088890440434,1.1594675392771299
depth,medium,epoch29,source_composition_error,123,92,0.25422296943063605,0.19121691256408652,0.21090004426383113,0.08607481780602039,0.3776753424827821
depth,medium,epoch29,weak_source_mass_ratio,123,92,1.8907306790966842,5.520375686309314,1.034152871140539,0.20876387954796158,1.6597120650279276
depth,medium,epoch29,weak_source_error,123,92,1.6009592283054337,5.357693385215575,0.7896484739036072,0.45445793355248354,0.9160247756554105
depth,medium,epoch29,weak_source_fraction_error,123,92,0.1884513867858979,0.18526788399611083,0.13525133600185862,0.04741612422889249,0.28839650087185636
depth,medium,epoch30,wrel_l2,123,123,0.7292221647305722,0.21513559664906554,0.7530178944007458,0.5551401393613824,0.8804663421142225
depth,medium,epoch30,mass_ratio,123,123,0.5788469017449667,0.4078157103832024,0.5126746303478853,0.3319351152402472,0.6847504058752947
depth,medium,epoch30,mass_relative_error,123,123,0.5279671425722718,0.25482205981672806,0.5183399844843571,0.3397735591705773,0.7021878427692224
depth,medium,epoch30,weighted_ccc,123,123,0.5534767916591797,0.24915577572333994,0.5615854250941394,0.3430042311729333,0.7736443877406056
depth,medium,epoch30,com_error_mm,123,123,3.6548357657181922,4.04360351750871,2.171907556813521,0.6769251847785931,4.705725761390793
depth,medium,epoch30,shape_error,123,123,0.6555677601113813,0.21791766205193802,0.6833453469867891,0.4716120908914267,0.8432395081066452
depth,medium,epoch30,shape_optimal_scale,123,123,1.4225450639941322,0.7210939546036969,1.267255297524049,1.027009448459863,1.6697184735796893
depth,medium,epoch30,source_composition_error,123,92,0.3389401960330765,0.2562474139219219,0.25077903813561586,0.12893816591722085,0.5079051940996673
depth,medium,epoch30,weak_source_mass_ratio,123,92,0.8183516327950484,2.4759462200316564,0.27054572659787895,0.0024294759270922094,0.8214882715188077
depth,medium,epoch30,weak_source_error,123,92,1.0262836079803999,2.2605414771217993,0.9760542460469939,0.36192422045311684,0.9986537618099336
depth,medium,epoch30,weak_source_fraction_error,123,92,0.25838340345276345,0.24968580481765826,0.1548324018422651,0.07857040260515288,0.37566888102437135
depth,medium,p1_oracle,wrel_l2,123,123,0.0,0.0,0.0,0.0,0.0
depth,medium,p1_oracle,mass_ratio,123,123,1.0,0.0,1.0,1.0,1.0
depth,medium,p1_oracle,mass_relative_error,123,123,0.0,0.0,0.0,0.0,0.0
depth,medium,p1_oracle,weighted_ccc,123,123,1.0,0.0,1.0,1.0,1.0
depth,medium,p1_oracle,com_error_mm,123,123,0.0,0.0,0.0,0.0,0.0
depth,medium,p1_oracle,shape_error,123,123,0.0,0.0,0.0,0.0,0.0
depth,medium,p1_oracle,shape_optimal_scale,123,123,1.0,0.0,1.0,1.0,1.0
depth,medium,p1_oracle,source_composition_error,123,92,0.021196744630579377,0.035539147608670045,0.006865793614938175,0.0018640130408181521,0.02524726479679541
depth,medium,p1_oracle,weak_source_mass_ratio,123,92,0.9569196582389151,0.21488514766417705,0.9979309475845424,0.9784490583657772,1.0179146020472285
depth,medium,p1_oracle,weak_source_error,123,92,0.09161344604699133,0.19909424661778163,0.02120941246182112,0.006565234006593257,0.07303346379686282
depth,medium,p1_oracle,weak_source_fraction_error,123,92,0.01692228088242492,0.032813569489382646,0.0039478631844284545,0.0009987551719843188,0.024257201439356835
depth,shallow,epoch29,wrel_l2,91,91,0.7733492545081709,0.2510333941946992,0.8091280838719936,0.58170571456149,0.943525428066752
depth,shallow,epoch29,mass_ratio,91,91,1.451499271343919,1.172849143701558,1.1206778881017676,0.7619520710978649,1.684391020244874
depth,shallow,epoch29,mass_relative_error,91,91,0.7424879618933398,1.0139715638759514,0.45325283563974433,0.17840891130716224,0.76706188269915
depth,shallow,epoch29,weighted_ccc,91,91,0.5733291122846363,0.24909142656217942,0.5559101615667097,0.4024494320666844,0.8063713310870269
depth,shallow,epoch29,com_error_mm,91,91,3.6960726786867815,3.256074912777841,2.3936404425176834,1.2645940117170853,5.438801682042561
depth,shallow,epoch29,shape_error,91,91,0.7081233031497585,0.22430564236140507,0.7833399896348844,0.5573521287323815,0.8916318794352622
depth,shallow,epoch29,shape_optimal_scale,91,91,0.9038260413182561,0.3883867809325246,0.8714215970115327,0.6251923478787584,1.1539245882264462
depth,shallow,epoch29,source_composition_error,91,63,0.30071887835309336,0.1875954922137575,0.25772301582691126,0.15975168240249543,0.44416279724226326
depth,shallow,epoch29,weak_source_mass_ratio,91,63,1.392230345563487,1.4785222788052144,0.8865757761496281,0.2972338684269056,1.9684155737734534
depth,shallow,epoch29,weak_source_error,91,63,1.0381278433741603,1.1234604370940398,0.78907558308796,0.33349275843739346,1.0194734027745576
depth,shallow,epoch29,weak_source_fraction_error,91,63,0.23430095181006633,0.18542597156731938,0.1614108286506918,0.08117503910718779,0.38919745998091404
depth,shallow,epoch30,wrel_l2,91,91,0.7558524297943234,0.19209671099215977,0.8117320482269523,0.6119315583612277,0.9078864767813142
depth,shallow,epoch30,mass_ratio,91,91,0.6524964208721374,0.5067299084839569,0.5228118210673272,0.33554685758204583,0.7851566158962682
depth,shallow,epoch30,mass_relative_error,91,91,0.5242148545521259,0.32051945951178595,0.5088374260421928,0.313217110476941,0.6744980312765406
depth,shallow,epoch30,weighted_ccc,91,91,0.5053003314958915,0.2587171527673554,0.4584957249277005,0.29791296311186155,0.762115663803951
depth,shallow,epoch30,com_error_mm,91,91,4.374998256469804,4.8140962642331075,1.9801930228924978,0.5152966867362048,7.302842485363476
depth,shallow,epoch30,shape_error,91,91,0.7031087392721516,0.21671054788244432,0.7220256913526591,0.5400732002458001,0.8989963528401749
depth,shallow,epoch30,shape_optimal_scale,91,91,1.388109485638215,0.701933652836904,1.2762285275050358,0.9265276029307221,1.5873891392513806
depth,shallow,epoch30,source_composition_error,91,63,0.3898940809886167,0.24438493174340323,0.33332442818050145,0.18208488644223642,0.5938309813443162
depth,shallow,epoch30,weak_source_mass_ratio,91,63,0.6136913308654223,0.7190204618548011,0.4638164829307564,0.006130797711113646,0.9450754527544667
depth,shallow,epoch30,weak_source_error,91,63,0.7107132593800509,0.401386939692617,0.7839079184438105,0.41623821216465356,0.9960804518991306
depth,shallow,epoch30,weak_source_fraction_error,91,63,0.3129469751233881,0.24827280338402458,0.22480964488394223,0.09211746633142766,0.5493950791629547
depth,shallow,p1_oracle,wrel_l2,91,91,0.0,0.0,0.0,0.0,0.0
depth,shallow,p1_oracle,mass_ratio,91,91,1.0,0.0,1.0,1.0,1.0
depth,shallow,p1_oracle,mass_relative_error,91,91,0.0,0.0,0.0,0.0,0.0
depth,shallow,p1_oracle,weighted_ccc,91,91,1.0,0.0,1.0,1.0,1.0
depth,shallow,p1_oracle,com_error_mm,91,91,0.0,0.0,0.0,0.0,0.0
depth,shallow,p1_oracle,shape_error,91,91,0.0,0.0,0.0,0.0,0.0
depth,shallow,p1_oracle,shape_optimal_scale,91,91,1.0,0.0,1.0,1.0,1.0
depth,shallow,p1_oracle,source_composition_error,91,63,0.019116099982220434,0.02641784403433534,0.007206540935875635,0.002668244611130941,0.02725861736326294
depth,shallow,p1_oracle,weak_source_mass_ratio,91,63,0.9703570993519374,0.1565001315536328,0.9928321704244962,0.9650871457819465,1.0146611088598692
depth,shallow,p1_oracle,weak_source_error,91,63,0.06581995179846266,0.1450473256574672,0.021856466239989825,0.01020105725787046,0.05266098627211052
depth,shallow,p1_oracle,weak_source_fraction_error,91,63,0.01706847062475489,0.026344465819776928,0.006592688739357366,0.0018552993344591873,0.018955891774982303
