component,iqr,mean,median,metric,n,p05,p25,p75,p95,std
inverse,0.01431807378927863,0.9765294316808383,0.9782953560352325,autocorr_0.2mm,3000,0.9545067876577378,0.970426951845487,0.9847450256347656,0.9913044333457947,0.011588039889022461
inverse,0.04114453991254163,0.9099457756280899,0.9129469295342763,autocorr_0.4mm,3000,0.8549747129281362,0.8912407408157985,0.9323852807283401,0.953168926636378,0.030888897854118635
inverse,0.07181002199649811,0.8208335151837931,0.8235828777154286,autocorr_0.6mm,3000,0.7299957821766535,0.7872105538845062,0.8590205758810043,0.8972728490829468,0.05232709557980155
inverse,0.1237255409359933,0.6250787749071088,0.6271165112654369,autocorr_1.0mm,3000,0.4754163940747579,0.5639868850509325,0.6877124259869258,0.7617192357778548,0.08851092409221056
inverse,0.14582626024881998,0.2803893771793066,0.2745128224293391,autocorr_2.0mm,3000,0.11703823686887821,0.2042152335246404,0.3500414937734604,0.4578034254411852,0.10608636734254691
inverse,0.12789627912842316,0.21753457843600146,0.21776019668958752,boundary_energy_le_0.2mm,3000,0.083073480038114,0.15217719384504147,0.28007347297346463,0.3586963372917043,0.08497039889301505
inverse,0.19024343136360677,0.3803597545555075,0.38595038198843856,boundary_energy_le_0.4mm,3000,0.16909303276349902,0.28508890538347953,0.4753323367470863,0.5826559080237136,0.12753530664327825
inverse,0.22292095185940491,0.5229218328443578,0.5389579475704744,boundary_energy_le_0.6mm,3000,0.267337755566975,0.414322869746153,0.6372438216055579,0.7428149882974134,0.1475648184796545
inverse,0.17060248141225176,0.8235573758601351,0.8639165043772069,boundary_energy_le_1.0mm,3000,0.5607619373106869,0.7545100219232381,0.9251125033354899,0.962067563249606,0.1311990013444615
inverse,0.01186024633774152,0.9819680657103439,0.9984158542409294,boundary_energy_le_2.0mm,3000,0.902493501151522,0.987396493545742,0.9992567398834835,0.9996285337059995,0.043924637110771915
inverse,0.00532459921669215,0.008714152385325481,0.00828970829024911,gradient_abs_mean,3000,0.003750830108765513,0.005781437619589269,0.011106036836281419,0.015273324912413955,0.003663485596053812
inverse,0.02776809440464545,0.9509088511793543,0.9536519920340352,gradient_near_zero_1e-2,3000,0.9132439293292016,0.9385015506129475,0.9662696450175929,0.9783241579184594,0.0199917868391831
inverse,129.7492517127971,207.05990970628764,179.12690622309873,kurtosis,3000,84.59433015583143,126.7244518292602,256.4737035420573,412.46015069606574,115.93385801597991
inverse,0.07160170953926481,0.8652291056808801,0.8689108840070456,near_zero_le_0.0001,3000,0.7795332147146744,0.8317258716832227,0.9033275812224875,0.9362976374620375,0.04855001741053077
inverse,0.041487323003376764,0.9242362309467538,0.9273082207499204,near_zero_le_0.001,3000,0.8693454217072145,0.9056610605938682,0.947148383597245,0.9659385924912601,0.029650165310442747
inverse,0.020751857514551775,0.9630209980856101,0.9651726080309004,near_zero_le_0.01,3000,0.9342917303720394,0.9537412563444589,0.9744931138590107,0.9837044487957821,0.015172104435182127
inverse,0.011772901895216292,0.97894306125551,0.9799883169562095,near_zero_le_0.05,3000,0.9634503723970208,0.9736671047808088,0.985440006676025,0.9904303055771633,0.008426189852915615
inverse,15.044189116360194,-3.104402615649239,-4.947211888457322,skewness,3000,-15.347416014269653,-10.282043025814854,4.76214609054534,12.018428064201958,8.995446291898478
inverse,0.07160170953926488,0.13477089431911995,0.13108911599295442,support_ge_0.0001,3000,0.06370236253796244,0.09667241877751252,0.1682741283167774,0.2204667852853255,0.04855001741053077
inverse,0.04148732300337676,0.07576376905324626,0.07269177925007972,support_ge_0.001,3000,0.034061407508739934,0.05285161640275505,0.0943389394061318,0.13065457829278537,0.029650165310442747
inverse,0.02075185751455165,0.036979001914389915,0.034827391969099536,support_ge_0.01,3000,0.016295551204217818,0.025506886140989303,0.04625874365554095,0.06570826962796061,0.015172104435182127
inverse,0.01177290189521621,0.021056938744490043,0.02001168304379055,support_ge_0.05,3000,0.009569694422836774,0.014559993323974977,0.026332895219191188,0.036549627602979154,0.008426189852915615
representation,0.022918517390887017,0.582822969413466,0.5849567949771881,autocorr_0.2mm,3000,0.5482922032475471,0.5725247884790102,0.5954433058698972,0.6105043734113376,0.019291783897237205
representation,0.03219984611496329,0.27668154499979253,0.27892330288887024,autocorr_0.4mm,3000,0.229758066808184,0.261738662297527,0.2939385084124903,0.3172915699581305,0.027098741868781823
representation,0.031917144854863494,0.09224409869026952,0.09260333081086476,autocorr_0.6mm,3000,0.04734707409515977,0.07625518335650364,0.10817232821136713,0.13627989441156388,0.02785394438294364
representation,0.03222181582047294,-0.027208034935999527,-0.027988469693809748,autocorr_1.0mm,3000,-0.07366983058551947,-0.04462635404585551,-0.012404538225382566,0.024342141890277422,0.02986470430884645
representation,0.016799471590881392,0.010707779037649289,0.009117700392380357,autocorr_2.0mm,3000,-0.010877648492654164,0.0008247435544035397,0.017624215145284932,0.04015095702294878,0.015955905231420212
representation,0.018811663313699767,0.6930617832809863,0.6924245797052094,boundary_energy_le_0.2mm,3000,0.6696672234535014,0.6833374068807926,0.7021490701944924,0.7181402131957833,0.01499275804790614
representation,0.01217510475085093,0.8437871491749798,0.8432684235629383,boundary_energy_le_0.4mm,3000,0.8287543617941149,0.8374842842042953,0.8496593889551463,0.8603913724448911,0.009679880409752022
representation,0.010251823253471293,0.8985602114258275,0.8979539981425151,boundary_energy_le_0.6mm,3000,0.8869737410399787,0.8930915548321543,0.9033433780856256,0.911971313673158,0.007922603566109462
representation,0.005256236961678762,0.9720522073251191,0.9719105045155327,boundary_energy_le_1.0mm,3000,0.9654970976373396,0.9693729153859814,0.9746291523476601,0.979057035403714,0.00414686145719597
representation,0.0003002357763964847,0.9988067350138808,0.9988129010737516,boundary_energy_le_2.0mm,3000,0.9983996999878332,0.9986622491278649,0.9989624849042614,0.9991761688805652,0.00023485564833638427
representation,0.007094214321114123,0.01112489395099692,0.01018919749185443,gradient_abs_mean,3000,0.0045727016404271134,0.00706630467902869,0.014160519000142813,0.020871033240109676,0.005105281863615351
representation,0.027986573416788563,0.952307282245063,0.9552293431536809,gradient_near_zero_1e-2,3000,0.9139760023899502,0.9401326796352834,0.9681192530520719,0.979458680678273,0.02018048518844628
representation,151.9276912599794,230.0839497027699,196.13563939132717,kurtosis,3000,91.11152885496912,138.81767174722174,290.74536300720115,461.8553615379078,129.48316405631152
representation,0.07155402364624219,0.8661830522349285,0.8698240688584296,near_zero_le_0.0001,3000,0.7801488097899139,0.8325939039546507,0.9041479276008929,0.9381384619511279,0.04868893415603203
representation,0.0417612188514257,0.9249253678022863,0.9281257357784275,near_zero_le_0.001,3000,0.8699181292824167,0.9061757702016815,0.9479369890531072,0.9666904798094949,0.029751971435236637
representation,0.02108372152630611,0.9654669960967109,0.9678275201249371,near_zero_le_0.01,3000,0.9364411720000357,0.9564556267863583,0.9775393483126644,0.9856611202012344,0.01525978943912544
representation,0.010623075799707338,0.9838227465683543,0.9851526991705635,near_zero_le_0.05,3000,0.9689804159998092,0.9793199693618138,0.9899430451615211,0.9936523221539718,0.007733766827706613
representation,1.2748915142472945,1.9931195822155914,1.7829587419926098,skewness,3000,0.7213998311040946,1.2455264414351912,2.5204179556824857,3.9572084797287586,1.0437943682300583
representation,0.0715540236462422,0.13381694776507147,0.1301759311415705,support_ge_0.0001,3000,0.06186153804887209,0.09585207239910708,0.16740609604534928,0.21985119021008612,0.04868893415603203
representation,0.041761218851425655,0.07507463219771365,0.0718742642215725,support_ge_0.001,3000,0.03330952019050514,0.05206301094689282,0.09382422979831848,0.1300818707175833,0.029751971435236637
representation,0.02108372152630622,0.03453300390328903,0.032172479875062956,support_ge_0.01,3000,0.014338879798765532,0.02246065168733552,0.04354437321364174,0.06355882799996422,0.01525978943912544
representation,0.010623075799707327,0.01617725343164575,0.014847300829436503,support_ge_0.05,3000,0.006347677846028212,0.010056954838478939,0.020680030638186266,0.031019584000190736,0.007733766827706613
