iqr,mean,median,metric,n,p05,p25,p75,p95,reconstruction,std
0.18191319138791218,0.6341200324118542,0.6556187976882493,dice,3000,0.3846550828893034,0.5522268750915459,0.7341400664794581,0.8136249925098493,stage1_p1,0.13341816422956643
0.19852171808919028,0.47757201479457173,0.48767328568480844,iou,3000,0.23812567104777171,0.38143191470481674,0.579953632794007,0.685807596673091,stage1_p1,0.13733157851753627
0.3025244141137691,0.6154286651580827,0.631562549896907,precision,3000,0.27027990651268186,0.4699633157018445,0.7724877298156136,0.9135192721904043,stage1_p1,0.19905051645391852
0.26213354568800196,0.7442508865033377,0.7603072621430516,recall,3000,0.4202919600118893,0.6272098295532451,0.8893433752412471,0.9922854046453138,stage1_p1,0.17674672381519424
0.3841204865639206,0.6994630630599189,0.8167246119724225,weak_recall,3000,0.0,0.5571592714335756,0.9412797579974962,1.0,stage1_p1,0.31125957143799854
0.8819401931394552,0.47572528380242896,0.17941864166383392,volume_error,3000,-0.4246770236014926,-0.15358395859549934,0.7283562345439558,2.3926674599236755,stage1_p1,1.0511959776136959
0.003094722179591009,0.004098928280797984,0.0035960331823201488,mse,3000,0.0012825450332115225,0.002289919440639769,0.005384641620230778,0.00848606851359574,stage1_p1,0.00242074386028875
0.004239593335873169,0.006422677456414114,0.005869413029618584,mae,3000,0.0025140058984682995,0.004010904818821841,0.00825049815469501,0.012038096623569177,stage1_p1,0.0031192400507525308
0.9616156110125204,0.6008583955860087,0.28156037860961447,mass_error,3000,-0.36575528089664106,-0.07971412857396121,0.8819014824385591,2.642926807247809,stage1_p1,1.110260008554178
5.5637812604591996e-05,-0.00016470101098096942,-1.3415894054402688e-05,peak_error,3000,-0.0005583311641851384,-5.7294486978165526e-05,-1.65667437357353e-06,-1.4598503172980073e-07,stage1_p1,0.0034673067059000228
0.29919025102400754,0.6346549548127715,0.521451313269579,assd,3000,0.28150175947805056,0.397069150677161,0.6962594017011685,1.3800326317703575,stage1_p1,0.45877180256070926
1.1926747425993236,2.427762047921927,1.5620496482339692,hd95,3000,0.7483315525446915,1.095444853292265,2.2881195958915885,8.528390388489868,stage1_p1,2.7050180613494628
0.33333333333333337,0.8306666666666667,1.0,component_recall,3000,0.3333333333333333,0.6666666666666666,1.0,1.0,stage1_p1,0.2673122740389073
0.0,0.065,0.0,fp_components,3000,0.0,0.0,0.0,1.0,stage1_p1,0.250549396327351
2.122836633685259,1.6611794556299468,0.7574928373720791,localization_error,3000,0.22627028431528637,0.4430227470142713,2.5658593806995302,5.342274760903612,stage1_p1,1.8082155985152264
1.0,0.6423333333333333,1.0,separation_success,3000,0.0,0.0,1.0,1.0,stage1_p1,0.47931328191718436
0.022710839047989095,0.9378930073337978,0.9419099478899406,dice,3000,0.9007114385204137,0.9287611686547537,0.9514720077027428,0.9613648608107134,oracle_inverse,0.018870948371597557
0.04043866578929878,0.8836326483601706,0.8901982833873245,iou,3000,0.819358510740784,0.8669972965358999,0.9074359623251986,0.9256040206443991,oracle_inverse,0.03283475790603244
0.010714746213705828,0.964939962413621,0.9666859663949255,precision,3000,0.9468756470250032,0.9608125564528982,0.971527302666604,0.9763969513320983,oracle_inverse,0.009485118760379378
0.035882119924105504,0.912619788764525,0.9182383025841685,recall,3000,0.8572676200723648,0.8978492620773475,0.933731382001453,0.9487702615479704,oracle_inverse,0.028921176578402954
0.061778702673236596,0.9048347158886081,0.9230635311763447,weak_recall,3000,0.7580112903225806,0.888060860783352,0.9498395634565886,0.9742027871135829,oracle_inverse,0.07070819031243573
0.03092191822218717,-0.054339292627154756,-0.05005875585899143,volume_error,3000,-0.10131012400541066,-0.06705327278177253,-0.03613135455958536,-0.023097885653173653,oracle_inverse,0.024450076491880142
0.0006191743391996568,0.0009503277259673125,0.0008723458841902382,mse,3000,0.0003829816844266162,0.0005996967133605417,0.0012188710525601984,0.0017974797345479093,oracle_inverse,0.00044278140652302477
0.0023663981153287214,0.0037144351581114795,0.003419382897634761,mae,3000,0.0015066729462285466,0.0023595474743368905,0.004725945589665612,0.007000616928740913,oracle_inverse,0.0017127306857595555
1.4873329899563817e-16,-3.2192988711029214e-17,0.0,mass_error,3000,-3.155950078683594e-16,-1.4873329899563817e-16,0.0,2.394115943519031e-16,oracle_inverse,1.660606651904299e-16
0.09943356039540252,0.4371992165011479,0.42014003055895655,peak_error,3000,0.3267462119108321,0.3781559573720643,0.47758951776746683,0.6015052716827888,oracle_inverse,0.08688174746130556
0.013586723332207035,0.0926434807941456,0.091873402247807,assd,3000,0.0759858343719268,0.08579163168533512,0.09937835501754215,0.11151213182744575,oracle_inverse,0.01078286755328735
0.0,0.20773443122261903,0.20000076293945312,hd95,3000,0.20000076293945312,0.20000076293945312,0.20000076293945312,0.28284176838601627,oracle_inverse,0.02428541998995223
0.0,0.9925555555555555,1.0,component_recall,3000,1.0,1.0,1.0,1.0,oracle_inverse,0.0556123043495028
0.0,0.0003333333333333333,0.0,fp_components,3000,0.0,0.0,0.0,0.0,oracle_inverse,0.018254375426790755
0.022402881821214242,0.08951014738197693,0.03489084125143006,localization_error,3000,0.014185489026731123,0.025358348737326876,0.04776123055854112,0.10063173297798235,oracle_inverse,0.3141348913931584
0.0,0.9713333333333334,1.0,separation_success,3000,1.0,1.0,1.0,1.0,oracle_inverse,0.1668678785413445
0.20797653144641515,0.7403012332560851,0.7716322882514512,dice,3000,0.44479371712874544,0.6500454679412483,0.8580219993876634,0.93570720192186,oracle_representation,0.15450935092387869
0.2698158447793357,0.6099731865726082,0.6281769549776328,iou,3000,0.2860032772826224,0.48153137941717233,0.751347224196508,0.8791821246568161,oracle_representation,0.18365820233033012
0.33391529792978814,0.708536686037759,0.7524738909809437,precision,3000,0.3007659316592461,0.5580046080327681,0.8919199059625562,0.9867516457243821,oracle_representation,0.21686613113401226
0.21268052471062704,0.8527883972273003,0.8949842718953767,recall,3000,0.5435319066188079,0.7697142954713478,0.9823948201819749,0.9999999999999998,oracle_representation,0.15103439832841298
0.26777373181294395,0.8121725291489444,0.9422960839284188,weak_recall,3000,0.17090107880501598,0.732226268187056,1.0,1.0,oracle_representation,0.2646524702630755
0.6967448848794835,0.44665771543861515,0.15371181274759202,volume_error,3000,-0.34065415909000407,-0.08890227850517028,0.6078426063743132,2.2094467718048127,oracle_representation,0.9912210126009278
0.0026748851454346766,0.003148600554830671,0.002614225277523102,mse,3000,0.0007158095732083516,0.0015441053044024588,0.004218990449837135,0.0070572106041431135,oracle_representation,0.0022077106524327635
0.0045121872889785685,0.006623415888563543,0.006046640336983102,mae,3000,0.0024476401007936903,0.004061129870253514,0.008573317159232083,0.012657718694811197,oracle_representation,0.0033117542334119413
0.9616156110125211,0.6008583955860087,0.2815603786096143,mass_error,3000,-0.36575528089664117,-0.07971412857396121,0.8819014824385599,2.6429268072478096,oracle_representation,1.1102600085541778
0.0924925765604514,0.6911018803905754,0.693573555676804,peak_error,3000,0.5551613039508918,0.6501042663931917,0.7425968429536431,0.8178764304216242,oracle_representation,0.08626650913788136
0.16637849926805795,0.2419692442963178,0.20389199377636957,assd,3000,0.0751198390513506,0.13831422077076685,0.3046927200388248,0.5314886818786733,oracle_representation,0.15175350842786914
0.6582849028645307,1.3142133306709345,1.1999988555908203,hd95,3000,0.6324558336120464,0.9165163850427295,1.5748012879072601,2.4083193117501707,oracle_representation,0.5596007703501472
0.0,0.9462222222222223,1.0,component_recall,3000,0.5,1.0,1.0,1.0,oracle_representation,0.1711523759766984
3.0,3.4563333333333333,0.0,fp_components,3000,0.0,0.0,3.0,20.0,oracle_representation,7.953705209244026
0.6113969621783779,0.8846146944815646,0.5776342851907066,localization_error,3000,0.14730072002394481,0.34612172408414577,0.9575186862625237,2.9548901720873815,oracle_representation,0.905737158030597
0.0,0.8796666666666667,1.0,separation_success,3000,0.0,1.0,1.0,1.0,oracle_representation,0.3253509216557135
1.1102230246251565e-16,1.0,1.0,dice,3000,0.9999999999999998,0.9999999999999999,1.0,1.0,gt,9.782150646127258e-17
1.1102230246251565e-16,1.0,0.9999999999999999,iou,3000,0.9999999999999998,0.9999999999999998,0.9999999999999999,1.0,gt,1.6043907156108682e-16
1.1102230246251565e-16,1.0,0.9999999999999999,precision,3000,0.9999999999999998,0.9999999999999998,0.9999999999999999,1.0,gt,1.6043907156108682e-16
1.1102230246251565e-16,1.0,0.9999999999999999,recall,3000,0.9999999999999998,0.9999999999999998,0.9999999999999999,1.0,gt,1.6043907156108682e-16
0.0,1.0,1.0,weak_recall,3000,1.0,1.0,1.0,1.0,gt,0.0
0.0,0.0,0.0,volume_error,3000,0.0,0.0,0.0,0.0,gt,0.0
0.0,0.0,0.0,mse,3000,0.0,0.0,0.0,0.0,gt,0.0
0.0,0.0,0.0,mae,3000,0.0,0.0,0.0,0.0,gt,0.0
0.0,0.0,0.0,mass_error,3000,0.0,0.0,0.0,0.0,gt,0.0
0.0,0.0,0.0,peak_error,3000,0.0,0.0,0.0,0.0,gt,0.0
0.0,0.0,0.0,assd,3000,0.0,0.0,0.0,0.0,gt,0.0
0.0,0.0,0.0,hd95,3000,0.0,0.0,0.0,0.0,gt,0.0
0.0,1.0,1.0,component_recall,3000,1.0,1.0,1.0,1.0,gt,0.0
0.0,0.0,0.0,fp_components,3000,0.0,0.0,0.0,0.0,gt,0.0
0.0,0.0,0.0,localization_error,3000,0.0,0.0,0.0,0.0,gt,0.0
0.0,1.0,1.0,separation_success,3000,1.0,1.0,1.0,1.0,gt,0.0
