grouping,group,n,ratio_inv_mean,ratio_inv_std,ratio_rep_mean,ratio_rep_std
depth_tier,deep,905,0.730100371230369,0.11407666128043224,0.2698996287696327,0.11407666128043242
depth_tier,medium,1203,0.7271960808466371,0.10884790303536736,0.27280391915336455,0.10884790303536754
depth_tier,shallow,892,0.7270165548445213,0.11522558608755867,0.27298344515548023,0.11522558608755887
num_foci,1,852,0.7012603635657071,0.13875263104433436,0.29873963643429446,0.13875263104433466
num_foci,2,1089,0.7308923855936815,0.1093143534318736,0.2691076144063201,0.10931435343187375
num_foci,3,1059,0.7465919267930121,0.08403423777800946,0.25340807320698966,0.08403423777800956
total_source_volume_mm3,Q1,750,0.7818628313335515,0.11873777263271294,0.21813716866645003,0.11873777263271315
total_source_volume_mm3,Q2,750,0.7279142913372914,0.11782894820269048,0.27208570866271015,0.11782894820269064
total_source_volume_mm3,Q3,750,0.6936644967287114,0.10782913672626268,0.30633550327129033,0.10782913672626278
total_source_volume_mm3,Q4,750,0.7086336981248477,0.08025268091616528,0.2913663018751543,0.08025268091616536
min_inter_source_distance_mm,Q1,537,0.7591005158215092,0.08164446191665553,0.24089948417849247,0.08164446191665564
min_inter_source_distance_mm,Q2,537,0.7536419809634275,0.08826901190962297,0.2463580190365742,0.08826901190962315
min_inter_source_distance_mm,Q3,537,0.7361613980545633,0.09948132489303813,0.26383860194543846,0.09948132489303825
min_inter_source_distance_mm,Q4,537,0.7056261952635148,0.11096037574250397,0.2943738047364868,0.11096037574250413
