n,pearson_p,pearson_r,property,ratio,spearman_p,spearman_r
3000,0.5082905875528759,0.012081908814117248,depth_mm,ratio_inv,0.5421573766503474,0.011133175014797223
3000,0.5082905875528837,-0.012081908814117134,depth_mm,ratio_rep,0.5421573766503474,-0.011133175014797223
3000,2.682925182956041e-23,-0.18013683538708003,total_source_volume_mm3,ratio_inv,3.210028051795967e-53,-0.27505741856193533
3000,2.6829251829540265e-23,0.18013683538708125,total_source_volume_mm3,ratio_rep,3.210028051795967e-53,0.27505741856193533
3000,2.5390342280659332e-70,-0.3155011218029243,min_source_volume_mm3,ratio_inv,3.2490975708302705e-52,-0.272459108051012
3000,2.539034228065339e-70,0.3155011218029245,min_source_volume_mm3,ratio_rep,3.2490975708302705e-52,0.272459108051012
3000,2.558981715607938e-18,0.15843575952457245,num_foci,ratio_inv,2.296085456195154e-15,0.1439811439056973
3000,2.5589817156087792e-18,-0.15843575952457178,num_foci,ratio_rep,2.296085456195154e-15,-0.1439811439056973
2148,1.0276449026299842e-28,-0.2366081199828954,min_inter_source_distance_mm,ratio_inv,1.1207108056317664e-19,-0.1940888812630691
2148,1.0276449026303553e-28,0.23660811998289466,min_inter_source_distance_mm,ratio_rep,1.1207108056317664e-19,0.1940888812630691
3000,0.0003248603468012294,-0.06558522342001023,min_intensity,ratio_inv,0.0027534665245125354,-0.0546446269605141
3000,0.0003248603468012446,0.06558522342001016,min_intensity,ratio_rep,0.0027534665245125354,0.0546446269605141
