alpha,epoch,epoch_seconds,model,train_loss,val_final_dice
0.10236658155918121,1,2846.598445685,cst_d128_g16_l3_one_ring,0.04812918600393459,0.7458614140748978
0.10496615618467331,2,2866.8070035600012,cst_d128_g16_l3_one_ring,0.04787779083708301,0.7471386757493019
0.10794985294342041,3,2863.9527803539986,cst_d128_g16_l3_one_ring,0.04776469052536413,0.7463849936922391
0.11095332354307175,4,2837.901393971999,cst_d128_g16_l3_one_ring,0.047676223601059366,0.7446291446685791
0.11409763991832733,5,1736.0465959370013,cst_d128_g16_l3_one_ring,0.04762182515424987,0.7477080369989078
0.10186268389225006,1,3599.7875290950014,cst_d128_g16_l3_views,0.04817810657666996,0.7452856784065565
0.10481537878513336,2,3568.962390475999,cst_d128_g16_l3_views,0.04792858701509734,0.7461002496878306
0.10790351033210754,3,3538.6848617529977,cst_d128_g16_l3_views,0.04781738551100716,0.7455476741989454
0.11087533831596375,4,2340.1779186450003,cst_d128_g16_l3_views,0.047731649414636194,0.7440661960840225
0.11376839876174927,5,1067.4637696210011,cst_d128_g16_l3_views,0.04767014678490038,0.7465980873505275
0.1005440428853035,1,2020.8745494169998,cst_d128_g16_l3,0.04819396168226376,0.7450105423728625
0.10309229791164398,2,2176.1770955209995,cst_d128_g16_l3,0.04795046419138089,0.7456845044096311
0.10603258013725281,3,2146.5052916350005,cst_d128_g16_l3,0.047840115279735376,0.7453123901287715
0.10925574600696564,4,2152.9173953399995,cst_d128_g16_l3,0.04775880536142116,0.7435670155286789
0.11251386255025864,5,2151.386482611999,cst_d128_g16_l3,0.04769535262215262,0.7463300931453705
0.09951197355985641,1,2459.0155801580004,cst_hc_delta_d128_g16_l3,0.0481868495955132,0.7452549961209297
0.10058469325304031,2,2392.5940070570014,cst_hc_delta_d128_g16_l3,0.04795053703865657,0.7460094110171
0.10254678130149841,3,2386.5759397770016,cst_hc_delta_d128_g16_l3,0.04784709914742658,0.7448003984491031
0.10526705533266068,4,2399.227146014,cst_hc_delta_d128_g16_l3,0.04776142568017046,0.7436905603607495
0.10854339599609375,5,2361.0331922820005,cst_hc_delta_d128_g16_l3,0.04770140402795126,0.7461356529593468
0.10183295607566833,1,2038.0389014840002,cst_d96_g8_l3,0.04825022724689916,0.7447578718264898
0.10462360829114914,2,2194.5814327649996,cst_d96_g8_l3,0.047974973844053845,0.7458264006177584
0.10807729512453079,3,2233.1604213769997,cst_d96_g8_l3,0.047857113094845166,0.7448549310366313
0.11124943941831589,4,2277.6077923659996,cst_d96_g8_l3,0.04776689072217171,0.7426052119334539
0.1143585816025734,5,2204.524282876,cst_d96_g8_l3,0.04770553711568937,0.7449340303738912
0.09924037754535675,1,2374.8044577,cst_d64_g8_l3,0.04820607706826801,0.7450874732931455
0.1007191389799118,2,2597.351985694,cst_d64_g8_l3,0.04795676412138467,0.7458191924293835
0.10228655487298965,3,2586.7295076110004,cst_d64_g8_l3,0.04784704260450477,0.7457026685277621
0.10397263616323471,4,2656.2036947899996,cst_d64_g8_l3,0.04776211528262744,0.7432605864604315
0.10557449609041214,5,1265.3072853110007,cst_d64_g8_l3,0.04770288285100833,0.7457351104418437
0.10000000149011612,1,2459.0762842719996,cst_hc_only_d128_g16_l3,0.048202013745903965,0.7450110137462616
0.10000000149011612,2,2392.5957624799994,cst_hc_only_d128_g16_l3,0.047961504604512206,0.745475531121095
0.10000000149011612,3,2386.6944554540005,cst_hc_only_d128_g16_l3,0.04786335257425283,0.7455175655086835
0.10000000149011612,4,2399.1613451539997,cst_hc_only_d128_g16_l3,0.04778125398171445,0.7435421917835872
0.10000000149011612,5,2361.151203933001,cst_hc_only_d128_g16_l3,0.047722066530647374,0.7457490504781406
0.10155576467514038,1,2034.3414783659998,cst_d96_g16_l4,0.048207859678659586,0.7450338795781135
0.10438438504934311,2,2195.450835802,cst_d96_g16_l4,0.04795663085843747,0.7454783760507901
0.1069062203168869,3,2235.9714288659998,cst_d96_g16_l4,0.04784812621073797,0.7454849913716316
0.10948088765144348,4,2277.6172931949995,cst_d96_g16_l4,0.04776429683202878,0.7433488254745801
0.11189587414264679,5,2204.5218495320005,cst_d96_g16_l4,0.047704606313879294,0.7455499891440074
